timestamp,id,distance_px,x1,y1,x2,y2,background_path,session_root
2025-10-09T11:27:29,d1-t1-c1-b-1l2-d,552.892254,573.119265,451.182139,1125.704612,432.762627,/Volumes/Jacks-SSD-1/24-social-cog-sweden/2-data/1-raw_tracks/session_d1-t1-c1-b-1l2-d/preprocessing/background.png,/Volumes/Jacks-SSD-1/24-social-cog-sweden/2-data/1-raw_tracks/session_d1-t1-c1-b-1l2-d
2025-12-02T12:01:04,d1-t1-c1-b-1l2-d-demonstrator,632.658608,501.283170,272.512876,1133.072417,239.357755,/Volumes/Jacks-SSD-1/24-social-cog-sweden/2-data/1-raw_tracks/session_d1-t1-c1-b-1l2-d-demonstrator/preprocessing/background.png,/Volumes/Jacks-SSD-1/24-social-cog-sweden/2-data/1-raw_tracks/session_d1-t1-c1-b-1l2-d-demonstrator
2025-12-02T12:04:49,d1-t1-c1-b-1l2-d-focal,636.436107,503.125121,274.354827,1138.598270,239.357755,/Volumes/Jacks-SSD-1/24-social-cog-sweden/2-data/1-raw_tracks/session_d1-t1-c1-b-1l2-d-focal/preprocessing/background.png,/Volumes/Jacks-SSD-1/24-social-cog-sweden/2-data/1-raw_tracks/session_d1-t1-c1-b-1l2-d-focal
2025-10-09T11:27:37,d1-t1-c1-t-1l2-d,554.94415,569.435363,451.182139,1123.862661,427.236773,/Volumes/Jacks-SSD-1/24-social-cog-sweden/2-data/1-raw_tracks/session_d1-t1-c1-t-1l2-d/preprocessing/background.png,/Volumes/Jacks-SSD-1/24-social-cog-sweden/2-data/1-raw_tracks/session_d1-t1-c1-t-1l2-d
2025-12-02T12:01:15,d1-t1-c1-t-1l2-d-demonstrator,632.564753,503.125121,270.670925,1134.914368,239.357755,/Volumes/Jacks-SSD-1/24-social-cog-sweden/2-data/1-raw_tracks/session_d1-t1-c1-t-1l2-d-demonstrator/preprocessing/background.png,/Volumes/Jacks-SSD-1/24-social-cog-sweden/2-data/1-raw_tracks/session_d1-t1-c1-t-1l2-d-demonstrator
2025-12-02T12:04:51,d1-t1-c1-t-1l2-d-focal,636.649308,503.125121,270.670925,1138.598270,231.989951,/Volumes/Jacks-SSD-1/24-social-cog-sweden/2-data/1-raw_tracks/session_d1-t1-c1-t-1l2-d-focal/preprocessing/background.png,/Volumes/Jacks-SSD-1/24-social-cog-sweden/2-data/1-raw_tracks/session_d1-t1-c1-t-1l2-d-focal
2025-10-09T11:27:42,d1-t1-c10-b-1l2-d,668.62827,503.125121,596.69628,1171.753391,596.69628,/Volumes/Jacks-SSD-1/24-social-cog-sweden/2-data/1-raw_tracks/session_d1-t1-c10-b-1l2-d/preprocessing/background.png,/Volumes/Jacks-SSD-1/24-social-cog-sweden/2-data/1-raw_tracks/session_d1-t1-c10-b-1l2-d
2025-12-02T12:01:32,d1-t1-c10-b-1l2-d-demonstrator,773.639221,423.921221,370.136288,1197.540707,375.662141,/Volumes/Jacks-SSD-1/24-social-cog-sweden/2-data/1-raw_tracks/session_d1-t1-c10-b-1l2-d-demonstrator/preprocessing/background.png,/Volumes/Jacks-SSD-1/24-social-cog-sweden/2-data/1-raw_tracks/session_d1-t1-c10-b-1l2-d-demonstrator
2025-12-02T12:04:53,d1-t1-c10-b-1l2-d-focal,784.671193,412.869514,368.294336,1197.540707,368.294336,/Volumes/Jacks-SSD-1/24-social-cog-sweden/2-data/1-raw_tracks/session_d1-t1-c10-b-1l2-d-focal/preprocessing/background.png,/Volumes/Jacks-SSD-1/24-social-cog-sweden/2-data/1-raw_tracks/session_d1-t1-c10-b-1l2-d-focal
2025-10-09T11:27:46,d1-t1-c10-t-1l2-d,668.630807,501.28317,593.012378,1169.91144,594.854329,/Volumes/Jacks-SSD-1/24-social-cog-sweden/2-data/1-raw_tracks/session_d1-t1-c10-t-1l2-d/preprocessing/background.png,/Volumes/Jacks-SSD-1/24-social-cog-sweden/2-data/1-raw_tracks/session_d1-t1-c10-t-1l2-d
2025-12-02T12:01:42,d1-t1-c10-t-1l2-d-demonstrator,779.154048,420.237319,373.820190,1199.382659,370.136288,/Volumes/Jacks-SSD-1/24-social-cog-sweden/2-data/1-raw_tracks/session_d1-t1-c10-t-1l2-d-demonstrator/preprocessing/background.png,/Volumes/Jacks-SSD-1/24-social-cog-sweden/2-data/1-raw_tracks/session_d1-t1-c10-t-1l2-d-demonstrator
2025-12-02T12:04:54,d1-t1-c10-t-1l2-d-focal,782.831409,416.553417,370.136288,1199.382659,368.294336,/Volumes/Jacks-SSD-1/24-social-cog-sweden/2-data/1-raw_tracks/session_d1-t1-c10-t-1l2-d-focal/preprocessing/background.png,/Volumes/Jacks-SSD-1/24-social-cog-sweden/2-data/1-raw_tracks/session_d1-t1-c10-t-1l2-d-focal
2025-10-09T11:27:51,d1-t1-c2-b-1c1-i,639.923629,348.401224,511.966527,987.558275,480.653357,/Volumes/Jacks-SSD-1/24-social-cog-sweden/2-data/1-raw_tracks/session_d1-t1-c2-b-1c1-i/preprocessing/background.png,/Volumes/Jacks-SSD-1/24-social-cog-sweden/2-data/1-raw_tracks/session_d1-t1-c2-b-1c1-i
2025-12-02T12:04:59,d1-t1-c2-b-1c1-i-focal,731.529959,265.993660,311.106070,997.113464,286.612944,/Volumes/Jacks-SSD-1/24-social-cog-sweden/2-data/1-raw_tracks/session_d1-t1-c2-b-1c1-i-focal/preprocessing/background.png,/Volumes/Jacks-SSD-1/24-social-cog-sweden/2-data/1-raw_tracks/session_d1-t1-c2-b-1c1-i-focal
2025-10-09T11:27:56,d1-t1-c2-b-1h1-d,634.155723,1720.654836,473.285552,1087.023638,499.072869,/Volumes/Jacks-SSD-1/24-social-cog-sweden/2-data/1-raw_tracks/session_d1-t1-c2-b-1h1-d/preprocessing/background.png,/Volumes/Jacks-SSD-1/24-social-cog-sweden/2-data/1-raw_tracks/session_d1-t1-c2-b-1h1-d
2025-12-02T12:05:02,d1-t1-c2-b-1h1-d-focal,726.634098,267.218317,308.656758,993.439495,284.163632,/Volumes/Jacks-SSD-1/24-social-cog-sweden/2-data/1-raw_tracks/session_d1-t1-c2-b-1h1-d-focal/preprocessing/background.png,/Volumes/Jacks-SSD-1/24-social-cog-sweden/2-data/1-raw_tracks/session_d1-t1-c2-b-1h1-d-focal
2025-10-09T11:28:02,d1-t1-c2-t-1c1-i,632.114056,1088.865589,499.072869,1720.654836,478.811406,/Volumes/Jacks-SSD-1/24-social-cog-sweden/2-data/1-raw_tracks/session_d1-t1-c2-t-1c1-i/preprocessing/background.png,/Volumes/Jacks-SSD-1/24-social-cog-sweden/2-data/1-raw_tracks/session_d1-t1-c2-t-1c1-i
2025-12-02T12:05:06,d1-t1-c2-t-1c1-i-focal,731.452047,265.993660,303.758132,997.113464,281.714319,/Volumes/Jacks-SSD-1/24-social-cog-sweden/2-data/1-raw_tracks/session_d1-t1-c2-t-1c1-i-focal/preprocessing/background.png,/Volumes/Jacks-SSD-1/24-social-cog-sweden/2-data/1-raw_tracks/session_d1-t1-c2-t-1c1-i-focal
2025-10-09T11:28:07,d1-t1-c2-t-1h1-d,637.91372,983.874373,486.17921,346.559273,513.808478,/Volumes/Jacks-SSD-1/24-social-cog-sweden/2-data/1-raw_tracks/session_d1-t1-c2-t-1h1-d/preprocessing/background.png,/Volumes/Jacks-SSD-1/24-social-cog-sweden/2-data/1-raw_tracks/session_d1-t1-c2-t-1h1-d
2025-12-02T12:05:10,d1-t1-c2-t-1h1-d-focal,726.918877,265.993660,306.207445,992.214839,274.366382,/Volumes/Jacks-SSD-1/24-social-cog-sweden/2-data/1-raw_tracks/session_d1-t1-c2-t-1h1-d-focal/preprocessing/background.png,/Volumes/Jacks-SSD-1/24-social-cog-sweden/2-data/1-raw_tracks/session_d1-t1-c2-t-1h1-d-focal
2025-10-09T11:28:19,d1-t1-c3-b-1c1-i,631.832206,236.042203,653.796766,867.83145,646.428961,/Volumes/Jacks-SSD-1/24-social-cog-sweden/2-data/1-raw_tracks/session_d1-t1-c3-b-1c1-i/preprocessing/background.png,/Volumes/Jacks-SSD-1/24-social-cog-sweden/2-data/1-raw_tracks/session_d1-t1-c3-b-1c1-i
2025-12-02T12:05:15,d1-t1-c3-b-1c1-i-focal,748.329128,949.351869,409.078573,1697.616860,399.281323,/Volumes/Jacks-SSD-1/24-social-cog-sweden/2-data/1-raw_tracks/session_d1-t1-c3-b-1c1-i-focal/preprocessing/background.png,/Volumes/Jacks-SSD-1/24-social-cog-sweden/2-data/1-raw_tracks/session_d1-t1-c3-b-1c1-i-focal
2025-10-09T11:28:25,d1-t1-c3-b-1l3-d,646.653413,982.032422,640.903108,1628.557278,628.00945,/Volumes/Jacks-SSD-1/24-social-cog-sweden/2-data/1-raw_tracks/session_d1-t1-c3-b-1l3-d/preprocessing/background.png,/Volumes/Jacks-SSD-1/24-social-cog-sweden/2-data/1-raw_tracks/session_d1-t1-c3-b-1l3-d
2025-12-02T12:05:18,d1-t1-c3-b-1l3-d-focal,750.778231,948.127212,409.078573,1698.841517,399.281323,/Volumes/Jacks-SSD-1/24-social-cog-sweden/2-data/1-raw_tracks/session_d1-t1-c3-b-1l3-d-focal/preprocessing/background.png,/Volumes/Jacks-SSD-1/24-social-cog-sweden/2-data/1-raw_tracks/session_d1-t1-c3-b-1l3-d-focal
2025-10-09T11:28:29,d1-t1-c3-t-1c1-i,648.494999,1632.24118,629.851401,983.874373,642.745059,/Volumes/Jacks-SSD-1/24-social-cog-sweden/2-data/1-raw_tracks/session_d1-t1-c3-t-1c1-i/preprocessing/background.png,/Volumes/Jacks-SSD-1/24-social-cog-sweden/2-data/1-raw_tracks/session_d1-t1-c3-t-1c1-i
2025-12-02T12:05:23,d1-t1-c3-t-1c1-i-focal,752.107481,943.228587,415.201855,1695.167548,399.281323,/Volumes/Jacks-SSD-1/24-social-cog-sweden/2-data/1-raw_tracks/session_d1-t1-c3-t-1c1-i-focal/preprocessing/background.png,/Volumes/Jacks-SSD-1/24-social-cog-sweden/2-data/1-raw_tracks/session_d1-t1-c3-t-1c1-i-focal
2025-10-09T11:28:39,d1-t1-c3-t-1l3-d,635.689341,1621.189474,626.167498,985.716324,642.745059,/Volumes/Jacks-SSD-1/24-social-cog-sweden/2-data/1-raw_tracks/session_d1-t1-c3-t-1l3-d/preprocessing/background.png,/Volumes/Jacks-SSD-1/24-social-cog-sweden/2-data/1-raw_tracks/session_d1-t1-c3-t-1l3-d
2025-12-02T12:05:28,d1-t1-c3-t-1l3-d-focal,752.082555,948.127212,415.201855,1700.066173,400.505979,/Volumes/Jacks-SSD-1/24-social-cog-sweden/2-data/1-raw_tracks/session_d1-t1-c3-t-1l3-d-focal/preprocessing/background.png,/Volumes/Jacks-SSD-1/24-social-cog-sweden/2-data/1-raw_tracks/session_d1-t1-c3-t-1l3-d-focal
2025-10-09T11:28:45,d1-t1-c4-b-1c3-d,652.061116,337.349517,681.426033,989.400227,685.109935,/Volumes/Jacks-SSD-1/24-social-cog-sweden/2-data/1-raw_tracks/session_d1-t1-c4-b-1c3-d/preprocessing/background.png,/Volumes/Jacks-SSD-1/24-social-cog-sweden/2-data/1-raw_tracks/session_d1-t1-c4-b-1c3-d
2025-12-02T12:05:33,d1-t1-c4-b-1c3-d-focal,740.933247,1009.360027,454.390856,268.442973,459.289481,/Volumes/Jacks-SSD-1/24-social-cog-sweden/2-data/1-raw_tracks/session_d1-t1-c4-b-1c3-d-focal/preprocessing/background.png,/Volumes/Jacks-SSD-1/24-social-cog-sweden/2-data/1-raw_tracks/session_d1-t1-c4-b-1c3-d-focal
2025-10-09T11:28:49,d1-t1-c4-t-1c3-d,653.903038,989.400227,681.426033,335.507566,685.109935,/Volumes/Jacks-SSD-1/24-social-cog-sweden/2-data/1-raw_tracks/session_d1-t1-c4-t-1c3-d/preprocessing/background.png,/Volumes/Jacks-SSD-1/24-social-cog-sweden/2-data/1-raw_tracks/session_d1-t1-c4-t-1c3-d
2025-12-02T12:05:35,d1-t1-c4-t-1c3-d-focal,742.157877,268.442973,459.289481,1010.584683,454.390856,/Volumes/Jacks-SSD-1/24-social-cog-sweden/2-data/1-raw_tracks/session_d1-t1-c4-t-1c3-d-focal/preprocessing/background.png,/Volumes/Jacks-SSD-1/24-social-cog-sweden/2-data/1-raw_tracks/session_d1-t1-c4-t-1c3-d-focal
2025-10-09T11:28:54,d1-t1-c5-b-1h1-i,664.944368,994.92608,651.954815,329.981712,651.954815,/Volumes/Jacks-SSD-1/24-social-cog-sweden/2-data/1-raw_tracks/session_d1-t1-c5-b-1h1-i/preprocessing/background.png,/Volumes/Jacks-SSD-1/24-social-cog-sweden/2-data/1-raw_tracks/session_d1-t1-c5-b-1h1-i
2025-12-02T12:05:41,d1-t1-c5-b-1h1-i-focal,792.488889,1026.505215,399.281323,234.152597,413.977198,/Volumes/Jacks-SSD-1/24-social-cog-sweden/2-data/1-raw_tracks/session_d1-t1-c5-b-1h1-i-focal/preprocessing/background.png,/Volumes/Jacks-SSD-1/24-social-cog-sweden/2-data/1-raw_tracks/session_d1-t1-c5-b-1h1-i-focal
2025-10-09T11:28:58,d1-t1-c5-b-1h3-i,666.786319,329.981712,651.954815,996.768031,651.954815,/Volumes/Jacks-SSD-1/24-social-cog-sweden/2-data/1-raw_tracks/session_d1-t1-c5-b-1h3-i/preprocessing/background.png,/Volumes/Jacks-SSD-1/24-social-cog-sweden/2-data/1-raw_tracks/session_d1-t1-c5-b-1h3-i
2025-12-02T12:05:44,d1-t1-c5-b-1h3-i-focal,789.918495,232.927941,411.527886,1022.831246,406.629261,/Volumes/Jacks-SSD-1/24-social-cog-sweden/2-data/1-raw_tracks/session_d1-t1-c5-b-1h3-i-focal/preprocessing/background.png,/Volumes/Jacks-SSD-1/24-social-cog-sweden/2-data/1-raw_tracks/session_d1-t1-c5-b-1h3-i-focal
2025-10-09T11:29:01,d1-t1-c5-t-1h3-i,668.638418,996.768031,651.954815,328.139761,655.638717,/Volumes/Jacks-SSD-1/24-social-cog-sweden/2-data/1-raw_tracks/session_d1-t1-c5-t-1h3-i/preprocessing/background.png,/Volumes/Jacks-SSD-1/24-social-cog-sweden/2-data/1-raw_tracks/session_d1-t1-c5-t-1h3-i
2025-12-02T12:05:47,d1-t1-c5-t-1h3-i-focal,796.027529,1022.831246,406.629261,226.804659,407.853917,/Volumes/Jacks-SSD-1/24-social-cog-sweden/2-data/1-raw_tracks/session_d1-t1-c5-t-1h3-i-focal/preprocessing/background.png,/Volumes/Jacks-SSD-1/24-social-cog-sweden/2-data/1-raw_tracks/session_d1-t1-c5-t-1h3-i-focal
2025-10-09T11:29:05,d1-t1-c7-b-1c3-i,663.470705,889.934864,443.814334,1553.037281,421.71092,/Volumes/Jacks-SSD-1/24-social-cog-sweden/2-data/1-raw_tracks/session_d1-t1-c7-b-1c3-i/preprocessing/background.png,/Volumes/Jacks-SSD-1/24-social-cog-sweden/2-data/1-raw_tracks/session_d1-t1-c7-b-1c3-i
2025-12-02T12:05:51,d1-t1-c7-b-1c3-i-focal,752.163314,852.604022,210.684255,1604.542982,192.314410,/Volumes/Jacks-SSD-1/24-social-cog-sweden/2-data/1-raw_tracks/session_d1-t1-c7-b-1c3-i-focal/preprocessing/background.png,/Volumes/Jacks-SSD-1/24-social-cog-sweden/2-data/1-raw_tracks/session_d1-t1-c7-b-1c3-i-focal
2025-10-09T11:29:08,d1-t1-c7-t-1c3-i,663.534623,1553.037281,421.71092,889.934864,445.656285,/Volumes/Jacks-SSD-1/24-social-cog-sweden/2-data/1-raw_tracks/session_d1-t1-c7-t-1c3-i/preprocessing/background.png,/Volumes/Jacks-SSD-1/24-social-cog-sweden/2-data/1-raw_tracks/session_d1-t1-c7-t-1c3-i
2025-12-02T12:05:54,d1-t1-c7-t-1c3-i-focal,754.611899,1604.542982,192.314410,850.154709,210.684255,/Volumes/Jacks-SSD-1/24-social-cog-sweden/2-data/1-raw_tracks/session_d1-t1-c7-t-1c3-i-focal/preprocessing/background.png,/Volumes/Jacks-SSD-1/24-social-cog-sweden/2-data/1-raw_tracks/session_d1-t1-c7-t-1c3-i-focal
2025-10-09T11:29:15,d1-t1-c8-b-1l1-i,633.674033,860.463646,646.428961,226.832448,639.061157,/Volumes/Jacks-SSD-1/24-social-cog-sweden/2-data/1-raw_tracks/session_d1-t1-c8-b-1l1-i/preprocessing/background.png,/Volumes/Jacks-SSD-1/24-social-cog-sweden/2-data/1-raw_tracks/session_d1-t1-c8-b-1l1-i
2025-12-02T12:05:58,d1-t1-c8-b-1l1-i-focal,718.874284,924.858743,427.448417,1643.731984,428.673074,/Volumes/Jacks-SSD-1/24-social-cog-sweden/2-data/1-raw_tracks/session_d1-t1-c8-b-1l1-i-focal/preprocessing/background.png,/Volumes/Jacks-SSD-1/24-social-cog-sweden/2-data/1-raw_tracks/session_d1-t1-c8-b-1l1-i-focal
2025-10-09T11:29:18,d1-t1-c8-b-1l3-i,633.674033,226.832448,639.061157,860.463646,646.428961,/Volumes/Jacks-SSD-1/24-social-cog-sweden/2-data/1-raw_tracks/session_d1-t1-c8-b-1l3-i/preprocessing/background.png,/Volumes/Jacks-SSD-1/24-social-cog-sweden/2-data/1-raw_tracks/session_d1-t1-c8-b-1l3-i
2025-12-02T12:06:01,d1-t1-c8-b-1l3-i-focal,717.652764,1643.731984,428.673074,926.083399,426.223761,/Volumes/Jacks-SSD-1/24-social-cog-sweden/2-data/1-raw_tracks/session_d1-t1-c8-b-1l3-i-focal/preprocessing/background.png,/Volumes/Jacks-SSD-1/24-social-cog-sweden/2-data/1-raw_tracks/session_d1-t1-c8-b-1l3-i-focal
2025-10-09T11:29:23,d1-t1-c8-t-1l1-i,637.317762,939.667545,648.270912,1576.982646,650.112863,/Volumes/Jacks-SSD-1/24-social-cog-sweden/2-data/1-raw_tracks/session_d1-t1-c8-t-1l1-i/preprocessing/background.png,/Volumes/Jacks-SSD-1/24-social-cog-sweden/2-data/1-raw_tracks/session_d1-t1-c8-t-1l1-i
2025-12-02T12:06:04,d1-t1-c8-t-1l1-i-focal,713.975666,926.083399,426.223761,1640.058015,427.448417,/Volumes/Jacks-SSD-1/24-social-cog-sweden/2-data/1-raw_tracks/session_d1-t1-c8-t-1l1-i-focal/preprocessing/background.png,/Volumes/Jacks-SSD-1/24-social-cog-sweden/2-data/1-raw_tracks/session_d1-t1-c8-t-1l1-i-focal
2025-10-09T11:29:26,d1-t1-c8-t-1l3-i,628.116148,1576.982646,650.112863,948.877301,646.428961,/Volumes/Jacks-SSD-1/24-social-cog-sweden/2-data/1-raw_tracks/session_d1-t1-c8-t-1l3-i/preprocessing/background.png,/Volumes/Jacks-SSD-1/24-social-cog-sweden/2-data/1-raw_tracks/session_d1-t1-c8-t-1l3-i
2025-12-02T12:06:11,d1-t1-c8-t-1l3-i-focal,721.339187,921.184774,422.549792,1642.507327,427.448417,/Volumes/Jacks-SSD-1/24-social-cog-sweden/2-data/1-raw_tracks/session_d1-t1-c8-t-1l3-i-focal/preprocessing/background.png,/Volumes/Jacks-SSD-1/24-social-cog-sweden/2-data/1-raw_tracks/session_d1-t1-c8-t-1l3-i-focal
2025-10-09T11:29:31,d1-t1-c9-b-1h2-d,659.421087,854.937792,596.69628,1514.356306,594.854329,/Volumes/Jacks-SSD-1/24-social-cog-sweden/2-data/1-raw_tracks/session_d1-t1-c9-b-1h2-d/preprocessing/background.png,/Volumes/Jacks-SSD-1/24-social-cog-sweden/2-data/1-raw_tracks/session_d1-t1-c9-b-1h2-d
2025-12-02T12:06:14,d1-t1-c9-b-1h2-d-focal,736.034730,834.234178,372.338885,1570.252606,367.440259,/Volumes/Jacks-SSD-1/24-social-cog-sweden/2-data/1-raw_tracks/session_d1-t1-c9-b-1h2-d-focal/preprocessing/background.png,/Volumes/Jacks-SSD-1/24-social-cog-sweden/2-data/1-raw_tracks/session_d1-t1-c9-b-1h2-d-focal
2025-10-09T11:29:33,d1-t1-c9-t-1h2-d,657.641054,1514.356306,594.854329,856.779743,604.064085,/Volumes/Jacks-SSD-1/24-social-cog-sweden/2-data/1-raw_tracks/session_d1-t1-c9-t-1h2-d/preprocessing/background.png,/Volumes/Jacks-SSD-1/24-social-cog-sweden/2-data/1-raw_tracks/session_d1-t1-c9-t-1h2-d
2025-12-02T12:06:17,d1-t1-c9-t-1h2-d-focal,742.145752,1570.252606,367.440259,828.110896,369.889572,/Volumes/Jacks-SSD-1/24-social-cog-sweden/2-data/1-raw_tracks/session_d1-t1-c9-t-1h2-d-focal/preprocessing/background.png,/Volumes/Jacks-SSD-1/24-social-cog-sweden/2-data/1-raw_tracks/session_d1-t1-c9-t-1h2-d-focal
2025-10-09T11:29:43,d1-t2-c1-b-1h2-i,563.829644,1142.282173,646.428961,578.645119,661.16457,/Volumes/Jacks-SSD-1/24-social-cog-sweden/2-data/1-raw_tracks/session_d1-t2-c1-b-1h2-i/preprocessing/background.png,/Volumes/Jacks-SSD-1/24-social-cog-sweden/2-data/1-raw_tracks/session_d1-t2-c1-b-1h2-i
2025-12-02T12:06:23,d1-t2-c1-b-1h2-i-focal,622.144680,525.620793,469.086731,1147.746187,464.188106,/Volumes/Jacks-SSD-1/24-social-cog-sweden/2-data/1-raw_tracks/session_d1-t2-c1-b-1h2-i-focal/preprocessing/background.png,/Volumes/Jacks-SSD-1/24-social-cog-sweden/2-data/1-raw_tracks/session_d1-t2-c1-b-1h2-i-focal
2025-10-09T11:29:53,d1-t2-c1-t-1h2-i,561.903798,582.329021,828.782126,1144.124124,817.730419,/Volumes/Jacks-SSD-1/24-social-cog-sweden/2-data/1-raw_tracks/session_d1-t2-c1-t-1h2-i/preprocessing/background.png,/Volumes/Jacks-SSD-1/24-social-cog-sweden/2-data/1-raw_tracks/session_d1-t2-c1-t-1h2-i
2025-12-02T12:06:26,d1-t2-c1-t-1h2-i-focal,629.484053,1147.746187,464.188106,518.272856,467.862075,/Volumes/Jacks-SSD-1/24-social-cog-sweden/2-data/1-raw_tracks/session_d1-t2-c1-t-1h2-i-focal/preprocessing/background.png,/Volumes/Jacks-SSD-1/24-social-cog-sweden/2-data/1-raw_tracks/session_d1-t2-c1-t-1h2-i-focal
2025-10-09T11:29:59,d1-t2-c10-b-1h2-i,677.860549,1188.330952,685.109935,510.492926,679.584082,/Volumes/Jacks-SSD-1/24-social-cog-sweden/2-data/1-raw_tracks/session_d1-t2-c10-b-1h2-i/preprocessing/background.png,/Volumes/Jacks-SSD-1/24-social-cog-sweden/2-data/1-raw_tracks/session_d1-t2-c10-b-1h2-i
2025-12-02T12:06:40,d1-t2-c10-b-1h2-i-focal,759.302700,442.344166,456.840168,1201.631064,461.738794,/Volumes/Jacks-SSD-1/24-social-cog-sweden/2-data/1-raw_tracks/session_d1-t2-c10-b-1h2-i-focal/preprocessing/background.png,/Volumes/Jacks-SSD-1/24-social-cog-sweden/2-data/1-raw_tracks/session_d1-t2-c10-b-1h2-i-focal
2025-10-09T11:30:04,d1-t2-c10-t-1h2-i,677.928115,510.492926,679.584082,1188.330952,690.635789,/Volumes/Jacks-SSD-1/24-social-cog-sweden/2-data/1-raw_tracks/session_d1-t2-c10-t-1h2-i/preprocessing/background.png,/Volumes/Jacks-SSD-1/24-social-cog-sweden/2-data/1-raw_tracks/session_d1-t2-c10-t-1h2-i
2025-12-02T12:06:42,d1-t2-c10-t-1h2-i-focal,761.745071,1201.631064,461.738794,439.894853,458.064825,/Volumes/Jacks-SSD-1/24-social-cog-sweden/2-data/1-raw_tracks/session_d1-t2-c10-t-1h2-i-focal/preprocessing/background.png,/Volumes/Jacks-SSD-1/24-social-cog-sweden/2-data/1-raw_tracks/session_d1-t2-c10-t-1h2-i-focal
2025-10-09T11:30:11,d1-t2-c2-b-1c2-i,639.159706,994.92608,694.319691,355.769029,696.161642,/Volumes/Jacks-SSD-1/24-social-cog-sweden/2-data/1-raw_tracks/session_d1-t2-c2-b-1c2-i/preprocessing/background.png,/Volumes/Jacks-SSD-1/24-social-cog-sweden/2-data/1-raw_tracks/session_d1-t2-c2-b-1c2-i
2025-12-02T12:06:59,d1-t2-c2-b-1c2-i-focal,728.671520,1789.466082,470.311388,1060.795591,471.536044,/Volumes/Jacks-SSD-1/24-social-cog-sweden/2-data/1-raw_tracks/session_d1-t2-c2-b-1c2-i-focal/preprocessing/background.png,/Volumes/Jacks-SSD-1/24-social-cog-sweden/2-data/1-raw_tracks/session_d1-t2-c2-b-1c2-i-focal
2025-10-09T11:30:20,d1-t2-c2-b-1l1-d,637.339056,355.769029,690.635789,993.084129,696.161642,/Volumes/Jacks-SSD-1/24-social-cog-sweden/2-data/1-raw_tracks/session_d1-t2-c2-b-1l1-d/preprocessing/background.png,/Volumes/Jacks-SSD-1/24-social-cog-sweden/2-data/1-raw_tracks/session_d1-t2-c2-b-1l1-d
2025-12-02T12:07:02,d1-t2-c2-b-1l1-d-focal,726.222211,1060.795591,471.536044,1787.016769,472.760700,/Volumes/Jacks-SSD-1/24-social-cog-sweden/2-data/1-raw_tracks/session_d1-t2-c2-b-1l1-d-focal/preprocessing/background.png,/Volumes/Jacks-SSD-1/24-social-cog-sweden/2-data/1-raw_tracks/session_d1-t2-c2-b-1l1-d-focal
2025-10-09T11:30:25,d1-t2-c2-t-1c2-i,637.339056,991.242178,692.47774,353.927077,686.951887,/Volumes/Jacks-SSD-1/24-social-cog-sweden/2-data/1-raw_tracks/session_d1-t2-c2-t-1c2-i/preprocessing/background.png,/Volumes/Jacks-SSD-1/24-social-cog-sweden/2-data/1-raw_tracks/session_d1-t2-c2-t-1c2-i
2025-12-02T12:07:06,d1-t2-c2-t-1c2-i-focal,726.225309,1789.466082,472.760700,1063.244903,470.311388,/Volumes/Jacks-SSD-1/24-social-cog-sweden/2-data/1-raw_tracks/session_d1-t2-c2-t-1c2-i-focal/preprocessing/background.png,/Volumes/Jacks-SSD-1/24-social-cog-sweden/2-data/1-raw_tracks/session_d1-t2-c2-t-1c2-i-focal
2025-10-09T11:30:29,d1-t2-c2-t-1l1-d,639.371998,355.769029,701.687496,994.92608,718.265056,/Volumes/Jacks-SSD-1/24-social-cog-sweden/2-data/1-raw_tracks/session_d1-t2-c2-t-1l1-d/preprocessing/background.png,/Volumes/Jacks-SSD-1/24-social-cog-sweden/2-data/1-raw_tracks/session_d1-t2-c2-t-1l1-d
2025-12-02T12:07:09,d1-t2-c2-t-1l1-d-focal,731.136214,1063.244903,470.311388,1794.364707,475.210013,/Volumes/Jacks-SSD-1/24-social-cog-sweden/2-data/1-raw_tracks/session_d1-t2-c2-t-1l1-d-focal/preprocessing/background.png,/Volumes/Jacks-SSD-1/24-social-cog-sweden/2-data/1-raw_tracks/session_d1-t2-c2-t-1l1-d-focal
2025-10-09T11:30:33,d1-t2-c3-b-1h3-i,637.485431,882.56706,736.684568,245.251959,751.420177,/Volumes/Jacks-SSD-1/24-social-cog-sweden/2-data/1-raw_tracks/session_d1-t2-c3-b-1h3-i/preprocessing/background.png,/Volumes/Jacks-SSD-1/24-social-cog-sweden/2-data/1-raw_tracks/session_d1-t2-c3-b-1h3-i
2025-12-02T12:07:18,d1-t2-c3-b-1h3-i-focal,721.373492,891.793023,516.848326,170.470470,525.420920,/Volumes/Jacks-SSD-1/24-social-cog-sweden/2-data/1-raw_tracks/session_d1-t2-c3-b-1h3-i-focal/preprocessing/background.png,/Volumes/Jacks-SSD-1/24-social-cog-sweden/2-data/1-raw_tracks/session_d1-t2-c3-b-1h3-i-focal
2025-10-09T11:30:36,d1-t2-c3-b-1l1-d,635.51586,245.251959,751.420177,880.725108,744.052372,/Volumes/Jacks-SSD-1/24-social-cog-sweden/2-data/1-raw_tracks/session_d1-t2-c3-b-1l1-d/preprocessing/background.png,/Volumes/Jacks-SSD-1/24-social-cog-sweden/2-data/1-raw_tracks/session_d1-t2-c3-b-1l1-d
2025-12-02T12:07:21,d1-t2-c3-b-1l1-d-focal,720.148922,170.470470,525.420920,890.568367,516.848326,/Volumes/Jacks-SSD-1/24-social-cog-sweden/2-data/1-raw_tracks/session_d1-t2-c3-b-1l1-d-focal/preprocessing/background.png,/Volumes/Jacks-SSD-1/24-social-cog-sweden/2-data/1-raw_tracks/session_d1-t2-c3-b-1l1-d-focal
2025-10-09T11:30:41,d1-t2-c3-t-1h3-i,641.128667,241.568057,749.578226,882.56706,736.684568,/Volumes/Jacks-SSD-1/24-social-cog-sweden/2-data/1-raw_tracks/session_d1-t2-c3-t-1h3-i/preprocessing/background.png,/Volumes/Jacks-SSD-1/24-social-cog-sweden/2-data/1-raw_tracks/session_d1-t2-c3-t-1h3-i
2025-12-02T12:07:24,d1-t2-c3-t-1h3-i-focal,725.013071,893.017680,516.848326,168.021157,521.746952,/Volumes/Jacks-SSD-1/24-social-cog-sweden/2-data/1-raw_tracks/session_d1-t2-c3-t-1h3-i-focal/preprocessing/background.png,/Volumes/Jacks-SSD-1/24-social-cog-sweden/2-data/1-raw_tracks/session_d1-t2-c3-t-1h3-i-focal
2025-10-09T11:30:46,d1-t2-c3-t-1l1-d,637.445514,882.56706,736.684568,245.251959,749.578226,/Volumes/Jacks-SSD-1/24-social-cog-sweden/2-data/1-raw_tracks/session_d1-t2-c3-t-1l1-d/preprocessing/background.png,/Volumes/Jacks-SSD-1/24-social-cog-sweden/2-data/1-raw_tracks/session_d1-t2-c3-t-1l1-d
2025-12-02T12:07:26,d1-t2-c3-t-1l1-d-focal,725.047203,168.021157,521.746952,893.017680,513.174358,/Volumes/Jacks-SSD-1/24-social-cog-sweden/2-data/1-raw_tracks/session_d1-t2-c3-t-1l1-d-focal/preprocessing/background.png,/Volumes/Jacks-SSD-1/24-social-cog-sweden/2-data/1-raw_tracks/session_d1-t2-c3-t-1l1-d-focal
2025-12-02T12:07:31,d1-t2-c4-b-1l3-i-focal,732.344460,1021.606590,548.689390,289.262130,548.689390,/Volumes/Jacks-SSD-1/24-social-cog-sweden/2-data/1-raw_tracks/session_d1-t2-c4-b-1l3-i-focal/preprocessing/background.png,/Volumes/Jacks-SSD-1/24-social-cog-sweden/2-data/1-raw_tracks/session_d1-t2-c4-b-1l3-i-focal
2025-12-02T12:07:36,d1-t2-c5-b-1c1-d-focal,772.759088,1082.839404,509.500389,1855.597521,508.275732,/Volumes/Jacks-SSD-1/24-social-cog-sweden/2-data/1-raw_tracks/session_d1-t2-c5-b-1c1-d-focal/preprocessing/background.png,/Volumes/Jacks-SSD-1/24-social-cog-sweden/2-data/1-raw_tracks/session_d1-t2-c5-b-1c1-d-focal
2025-12-02T12:07:39,d1-t2-c5-b-1c2-d-focal,771.534433,1855.597521,508.275732,1084.064060,507.051076,/Volumes/Jacks-SSD-1/24-social-cog-sweden/2-data/1-raw_tracks/session_d1-t2-c5-b-1c2-d-focal/preprocessing/background.png,/Volumes/Jacks-SSD-1/24-social-cog-sweden/2-data/1-raw_tracks/session_d1-t2-c5-b-1c2-d-focal
2025-12-02T12:07:41,d1-t2-c5-t-1c1-d-focal,769.085123,1084.064060,507.051076,1853.148209,508.275732,/Volumes/Jacks-SSD-1/24-social-cog-sweden/2-data/1-raw_tracks/session_d1-t2-c5-t-1c1-d-focal/preprocessing/background.png,/Volumes/Jacks-SSD-1/24-social-cog-sweden/2-data/1-raw_tracks/session_d1-t2-c5-t-1c1-d-focal
2025-12-02T12:07:45,d1-t2-c5-t-1c2-d-focal,766.634836,1851.923552,507.051076,1085.288717,507.051076,/Volumes/Jacks-SSD-1/24-social-cog-sweden/2-data/1-raw_tracks/session_d1-t2-c5-t-1c2-d-focal/preprocessing/background.png,/Volumes/Jacks-SSD-1/24-social-cog-sweden/2-data/1-raw_tracks/session_d1-t2-c5-t-1c2-d-focal
2025-12-02T12:07:49,d1-t2-c6-b-1l2-i-focal,786.263672,497.453699,581.755110,1283.683035,589.103047,/Volumes/Jacks-SSD-1/24-social-cog-sweden/2-data/1-raw_tracks/session_d1-t2-c6-b-1l2-i-focal/preprocessing/background.png,/Volumes/Jacks-SSD-1/24-social-cog-sweden/2-data/1-raw_tracks/session_d1-t2-c6-b-1l2-i-focal
2025-12-02T12:07:53,d1-t2-c6-t-1l2-i-focal,788.725238,1288.581660,578.081141,499.903011,586.653735,/Volumes/Jacks-SSD-1/24-social-cog-sweden/2-data/1-raw_tracks/session_d1-t2-c6-t-1l2-i-focal/preprocessing/background.png,/Volumes/Jacks-SSD-1/24-social-cog-sweden/2-data/1-raw_tracks/session_d1-t2-c6-t-1l2-i-focal
2025-12-02T12:07:57,d1-t2-c7-b-1c2-d-focal,750.723294,867.299897,418.875823,1618.014202,422.549792,/Volumes/Jacks-SSD-1/24-social-cog-sweden/2-data/1-raw_tracks/session_d1-t2-c7-b-1c2-d-focal/preprocessing/background.png,/Volumes/Jacks-SSD-1/24-social-cog-sweden/2-data/1-raw_tracks/session_d1-t2-c7-b-1c2-d-focal
2025-12-02T12:08:00,d1-t2-c7-t-1c2-d-focal,749.489648,1618.014202,422.549792,868.524554,422.549792,/Volumes/Jacks-SSD-1/24-social-cog-sweden/2-data/1-raw_tracks/session_d1-t2-c7-t-1c2-d-focal/preprocessing/background.png,/Volumes/Jacks-SSD-1/24-social-cog-sweden/2-data/1-raw_tracks/session_d1-t2-c7-t-1c2-d-focal
2025-12-02T12:08:06,d1-t2-c8-b-1h1-d-focal,708.318372,930.982024,537.667483,1638.833358,563.385265,/Volumes/Jacks-SSD-1/24-social-cog-sweden/2-data/1-raw_tracks/session_d1-t2-c8-b-1h1-d-focal/preprocessing/background.png,/Volumes/Jacks-SSD-1/24-social-cog-sweden/2-data/1-raw_tracks/session_d1-t2-c8-b-1h1-d-focal
2025-12-02T12:08:09,d1-t2-c8-b-1h3-d-focal,715.661514,1638.833358,563.385265,923.634087,537.667483,/Volumes/Jacks-SSD-1/24-social-cog-sweden/2-data/1-raw_tracks/session_d1-t2-c8-b-1h3-d-focal/preprocessing/background.png,/Volumes/Jacks-SSD-1/24-social-cog-sweden/2-data/1-raw_tracks/session_d1-t2-c8-b-1h3-d-focal
2025-12-02T12:08:12,d1-t2-c8-t-1h3-d-focal,719.333122,923.634087,537.667483,1642.507327,563.385265,/Volumes/Jacks-SSD-1/24-social-cog-sweden/2-data/1-raw_tracks/session_d1-t2-c8-t-1h3-d-focal/preprocessing/background.png,/Volumes/Jacks-SSD-1/24-social-cog-sweden/2-data/1-raw_tracks/session_d1-t2-c8-t-1h3-d-focal
2025-12-02T12:08:16,d1-t2-c9-b-1c3-i-focal,742.206376,830.560209,509.500389,1572.701919,519.297639,/Volumes/Jacks-SSD-1/24-social-cog-sweden/2-data/1-raw_tracks/session_d1-t2-c9-b-1c3-i-focal/preprocessing/background.png,/Volumes/Jacks-SSD-1/24-social-cog-sweden/2-data/1-raw_tracks/session_d1-t2-c9-b-1c3-i-focal
2025-12-02T12:08:21,d2-t1-c1-b-2l3-i-focal,639.609501,1152.644812,363.766291,513.374230,384.585447,/Volumes/Jacks-SSD-1/24-social-cog-sweden/2-data/1-raw_tracks/session_d2-t1-c1-b-2l3-i-focal/preprocessing/background.png,/Volumes/Jacks-SSD-1/24-social-cog-sweden/2-data/1-raw_tracks/session_d2-t1-c1-b-2l3-i-focal
2025-12-02T12:08:24,d2-t1-c10-b-2l3-i-focal,770.324380,426.423634,351.519728,1196.732439,346.621103,/Volumes/Jacks-SSD-1/24-social-cog-sweden/2-data/1-raw_tracks/session_d2-t1-c10-b-2l3-i-focal/preprocessing/background.png,/Volumes/Jacks-SSD-1/24-social-cog-sweden/2-data/1-raw_tracks/session_d2-t1-c10-b-2l3-i-focal
2025-12-02T12:08:27,d2-t1-c10-t-2l3-i-focal,777.660600,1196.732439,346.621103,419.075696,349.070415,/Volumes/Jacks-SSD-1/24-social-cog-sweden/2-data/1-raw_tracks/session_d2-t1-c10-t-2l3-i-focal/preprocessing/background.png,/Volumes/Jacks-SSD-1/24-social-cog-sweden/2-data/1-raw_tracks/session_d2-t1-c10-t-2l3-i-focal
2025-12-02T12:08:31,d2-t1-c2-b-2c2-d-focal,740.921102,1059.570935,367.440259,1800.487988,369.889572,/Volumes/Jacks-SSD-1/24-social-cog-sweden/2-data/1-raw_tracks/session_d2-t1-c2-b-2c2-d-focal/preprocessing/background.png,/Volumes/Jacks-SSD-1/24-social-cog-sweden/2-data/1-raw_tracks/session_d2-t1-c2-b-2c2-d-focal
2025-12-02T12:08:33,d2-t1-c2-b-2h2-i-focal,739.728893,1800.487988,369.889572,1060.795591,362.541634,/Volumes/Jacks-SSD-1/24-social-cog-sweden/2-data/1-raw_tracks/session_d2-t1-c2-b-2h2-i-focal/preprocessing/background.png,/Volumes/Jacks-SSD-1/24-social-cog-sweden/2-data/1-raw_tracks/session_d2-t1-c2-b-2h2-i-focal
2025-12-02T12:08:36,d2-t1-c2-t-2c2-d-focal,739.742071,1060.795591,362.541634,1800.487988,371.114228,/Volumes/Jacks-SSD-1/24-social-cog-sweden/2-data/1-raw_tracks/session_d2-t1-c2-t-2c2-d-focal/preprocessing/background.png,/Volumes/Jacks-SSD-1/24-social-cog-sweden/2-data/1-raw_tracks/session_d2-t1-c2-t-2c2-d-focal
2025-12-02T12:08:38,d2-t1-c2-t-2h2-i-focal,738.483989,1800.487988,371.114228,1062.020247,366.215603,/Volumes/Jacks-SSD-1/24-social-cog-sweden/2-data/1-raw_tracks/session_d2-t1-c2-t-2h2-i-focal/preprocessing/background.png,/Volumes/Jacks-SSD-1/24-social-cog-sweden/2-data/1-raw_tracks/session_d2-t1-c2-t-2h2-i-focal
2025-12-02T12:08:42,d2-t1-c3-b-2c2-d-focal,749.505656,948.127212,379.686822,1697.616860,374.788197,/Volumes/Jacks-SSD-1/24-social-cog-sweden/2-data/1-raw_tracks/session_d2-t1-c3-b-2c2-d-focal/preprocessing/background.png,/Volumes/Jacks-SSD-1/24-social-cog-sweden/2-data/1-raw_tracks/session_d2-t1-c3-b-2c2-d-focal
2025-12-02T12:08:45,d2-t1-c3-t-2c2-d-focal,749.570687,1697.616860,374.788197,948.127212,385.810104,/Volumes/Jacks-SSD-1/24-social-cog-sweden/2-data/1-raw_tracks/session_d2-t1-c3-t-2c2-d-focal/preprocessing/background.png,/Volumes/Jacks-SSD-1/24-social-cog-sweden/2-data/1-raw_tracks/session_d2-t1-c3-t-2c2-d-focal
2025-12-02T12:08:47,d2-t1-c3-t-2l3-d-focal,749.538672,948.127212,385.810104,1697.616860,377.237510,/Volumes/Jacks-SSD-1/24-social-cog-sweden/2-data/1-raw_tracks/session_d2-t1-c3-t-2l3-d-focal/preprocessing/background.png,/Volumes/Jacks-SSD-1/24-social-cog-sweden/2-data/1-raw_tracks/session_d2-t1-c3-t-2l3-d-focal
2025-12-02T12:08:51,d2-t1-c4-b-2c1-i-focal,738.471803,1009.360027,429.897730,270.892286,432.347043,/Volumes/Jacks-SSD-1/24-social-cog-sweden/2-data/1-raw_tracks/session_d2-t1-c4-b-2c1-i-focal/preprocessing/background.png,/Volumes/Jacks-SSD-1/24-social-cog-sweden/2-data/1-raw_tracks/session_d2-t1-c4-b-2c1-i-focal
2025-12-02T12:08:53,d2-t1-c4-t-2c1-i-focal,740.921102,270.892286,432.347043,1011.809339,429.897730,/Volumes/Jacks-SSD-1/24-social-cog-sweden/2-data/1-raw_tracks/session_d2-t1-c4-t-2c1-i-focal/preprocessing/background.png,/Volumes/Jacks-SSD-1/24-social-cog-sweden/2-data/1-raw_tracks/session_d2-t1-c4-t-2c1-i-focal
2025-12-02T12:08:57,d2-t1-c6-b-2h1-d-focal,781.365262,1024.055902,377.237510,242.725191,384.585447,/Volumes/Jacks-SSD-1/24-social-cog-sweden/2-data/1-raw_tracks/session_d2-t1-c6-b-2h1-d-focal/preprocessing/background.png,/Volumes/Jacks-SSD-1/24-social-cog-sweden/2-data/1-raw_tracks/session_d2-t1-c6-b-2h1-d-focal
2025-12-02T12:09:14,d2-t1-c6-b-2h2-d-focal,776.493896,247.623816,391.933385,1024.055902,382.136135,/Volumes/Jacks-SSD-1/24-social-cog-sweden/2-data/1-raw_tracks/session_d2-t1-c6-b-2h2-d-focal/preprocessing/background.png,/Volumes/Jacks-SSD-1/24-social-cog-sweden/2-data/1-raw_tracks/session_d2-t1-c6-b-2h2-d-focal
2025-12-02T12:09:18,d2-t1-c6-t-2h1-d-focal,783.783851,1081.614748,378.462166,1865.394772,380.911479,/Volumes/Jacks-SSD-1/24-social-cog-sweden/2-data/1-raw_tracks/session_d2-t1-c6-t-2h1-d-focal/preprocessing/background.png,/Volumes/Jacks-SSD-1/24-social-cog-sweden/2-data/1-raw_tracks/session_d2-t1-c6-t-2h1-d-focal
2025-12-02T12:09:20,d2-t1-c6-t-2h2-d-focal,786.237920,1865.394772,380.911479,1079.165435,377.237510,/Volumes/Jacks-SSD-1/24-social-cog-sweden/2-data/1-raw_tracks/session_d2-t1-c6-t-2h2-d-focal/preprocessing/background.png,/Volumes/Jacks-SSD-1/24-social-cog-sweden/2-data/1-raw_tracks/session_d2-t1-c6-t-2h2-d-focal
2025-12-02T12:09:23,d2-t1-c7-b-2c1-d-focal,765.425855,867.299897,312.330726,1632.710077,317.229352,/Volumes/Jacks-SSD-1/24-social-cog-sweden/2-data/1-raw_tracks/session_d2-t1-c7-b-2c1-d-focal/preprocessing/background.png,/Volumes/Jacks-SSD-1/24-social-cog-sweden/2-data/1-raw_tracks/session_d2-t1-c7-b-2c1-d-focal
2025-12-02T12:09:26,d2-t1-c7-t-2c1-d-focal,766.634836,1632.710077,317.229352,866.075241,317.229352,/Volumes/Jacks-SSD-1/24-social-cog-sweden/2-data/1-raw_tracks/session_d2-t1-c7-t-2c1-d-focal/preprocessing/background.png,/Volumes/Jacks-SSD-1/24-social-cog-sweden/2-data/1-raw_tracks/session_d2-t1-c7-t-2c1-d-focal
2025-12-02T12:09:30,d2-t1-c8-b-2l1-d-focal,725.229211,890.568367,449.492231,165.571845,431.122386,/Volumes/Jacks-SSD-1/24-social-cog-sweden/2-data/1-raw_tracks/session_d2-t1-c8-b-2l1-d-focal/preprocessing/background.png,/Volumes/Jacks-SSD-1/24-social-cog-sweden/2-data/1-raw_tracks/session_d2-t1-c8-b-2l1-d-focal
2025-12-02T12:09:32,d2-t1-c8-b-2l2-d-focal,717.916036,165.571845,431.122386,883.220429,450.716887,/Volumes/Jacks-SSD-1/24-social-cog-sweden/2-data/1-raw_tracks/session_d2-t1-c8-b-2l2-d-focal/preprocessing/background.png,/Volumes/Jacks-SSD-1/24-social-cog-sweden/2-data/1-raw_tracks/session_d2-t1-c8-b-2l2-d-focal
2025-12-02T12:09:34,d2-t1-c8-t-2l1-d-focal,724.107481,883.220429,450.716887,159.448563,428.673074,/Volumes/Jacks-SSD-1/24-social-cog-sweden/2-data/1-raw_tracks/session_d2-t1-c8-t-2l1-d-focal/preprocessing/background.png,/Volumes/Jacks-SSD-1/24-social-cog-sweden/2-data/1-raw_tracks/session_d2-t1-c8-t-2l1-d-focal
2025-12-02T12:09:38,d2-t1-c8-t-2l2-d-focal,720.473735,932.206681,454.390856,1652.304578,477.659325,/Volumes/Jacks-SSD-1/24-social-cog-sweden/2-data/1-raw_tracks/session_d2-t1-c8-t-2l2-d-focal/preprocessing/background.png,/Volumes/Jacks-SSD-1/24-social-cog-sweden/2-data/1-raw_tracks/session_d2-t1-c8-t-2l2-d-focal
2025-12-02T12:09:42,d2-t1-c9-b-2h3-i-focal,755.807420,1593.521076,427.448417,837.908147,410.303229,/Volumes/Jacks-SSD-1/24-social-cog-sweden/2-data/1-raw_tracks/session_d2-t1-c9-b-2h3-i-focal/preprocessing/background.png,/Volumes/Jacks-SSD-1/24-social-cog-sweden/2-data/1-raw_tracks/session_d2-t1-c9-b-2h3-i-focal
2025-12-02T12:09:44,d2-t1-c9-t-2h3-i-focal,757.060488,837.908147,410.303229,1594.745732,428.673074,/Volumes/Jacks-SSD-1/24-social-cog-sweden/2-data/1-raw_tracks/session_d2-t1-c9-t-2h3-i-focal/preprocessing/background.png,/Volumes/Jacks-SSD-1/24-social-cog-sweden/2-data/1-raw_tracks/session_d2-t1-c9-t-2h3-i-focal
2025-12-02T12:09:48,d2-t2-c1-b-2h3-d-focal,634.542156,1153.869469,462.963450,519.497512,477.659325,/Volumes/Jacks-SSD-1/24-social-cog-sweden/2-data/1-raw_tracks/session_d2-t2-c1-b-2h3-d-focal/preprocessing/background.png,/Volumes/Jacks-SSD-1/24-social-cog-sweden/2-data/1-raw_tracks/session_d2-t2-c1-b-2h3-d-focal
2025-12-02T12:09:50,d2-t2-c1-t-2h3-d-focal,639.439478,519.497512,477.659325,1158.768094,462.963450,/Volumes/Jacks-SSD-1/24-social-cog-sweden/2-data/1-raw_tracks/session_d2-t2-c1-t-2h3-d-focal/preprocessing/background.png,/Volumes/Jacks-SSD-1/24-social-cog-sweden/2-data/1-raw_tracks/session_d2-t2-c1-t-2h3-d-focal
2025-12-02T12:09:53,d2-t2-c10-b-2h3-d-focal,769.108524,1208.979002,466.637419,439.894853,460.514137,/Volumes/Jacks-SSD-1/24-social-cog-sweden/2-data/1-raw_tracks/session_d2-t2-c10-b-2h3-d-focal/preprocessing/background.png,/Volumes/Jacks-SSD-1/24-social-cog-sweden/2-data/1-raw_tracks/session_d2-t2-c10-b-2h3-d-focal
2025-12-02T12:09:56,d2-t2-c10-t-2h3-d-focal,773.982774,439.894853,460.514137,1213.877627,460.514137,/Volumes/Jacks-SSD-1/24-social-cog-sweden/2-data/1-raw_tracks/session_d2-t2-c10-t-2h3-d-focal/preprocessing/background.png,/Volumes/Jacks-SSD-1/24-social-cog-sweden/2-data/1-raw_tracks/session_d2-t2-c10-t-2h3-d-focal
2025-12-02T12:10:02,d2-t2-c2-b-2c3-d-focal,732.348556,1060.795591,467.862075,1793.140051,465.412762,/Volumes/Jacks-SSD-1/24-social-cog-sweden/2-data/1-raw_tracks/session_d2-t2-c2-b-2c3-d-focal/preprocessing/background.png,/Volumes/Jacks-SSD-1/24-social-cog-sweden/2-data/1-raw_tracks/session_d2-t2-c2-b-2c3-d-focal
2025-12-02T12:10:07,d2-t2-c2-b-2l2-i-focal,731.136214,1011.809339,462.963450,280.689536,467.862075,/Volumes/Jacks-SSD-1/24-social-cog-sweden/2-data/1-raw_tracks/session_d2-t2-c2-b-2l2-i-focal/preprocessing/background.png,/Volumes/Jacks-SSD-1/24-social-cog-sweden/2-data/1-raw_tracks/session_d2-t2-c2-b-2l2-i-focal
2025-12-02T12:10:10,d2-t2-c2-t-2c3-d-focal,727.455112,280.689536,467.862075,1008.135371,464.188106,/Volumes/Jacks-SSD-1/24-social-cog-sweden/2-data/1-raw_tracks/session_d2-t2-c2-t-2c3-d-focal/preprocessing/background.png,/Volumes/Jacks-SSD-1/24-social-cog-sweden/2-data/1-raw_tracks/session_d2-t2-c2-t-2c3-d-focal
2025-12-02T12:10:13,d2-t2-c2-t-2l2-i-focal,738.476880,1060.795591,465.412762,1799.263332,469.086731,/Volumes/Jacks-SSD-1/24-social-cog-sweden/2-data/1-raw_tracks/session_d2-t2-c2-t-2l2-i-focal/preprocessing/background.png,/Volumes/Jacks-SSD-1/24-social-cog-sweden/2-data/1-raw_tracks/session_d2-t2-c2-t-2l2-i-focal
2025-12-02T12:10:18,d2-t2-c3-b-2l2-i-focal,727.511806,900.365617,507.051076,172.919783,516.848326,/Volumes/Jacks-SSD-1/24-social-cog-sweden/2-data/1-raw_tracks/session_d2-t2-c3-b-2l2-i-focal/preprocessing/background.png,/Volumes/Jacks-SSD-1/24-social-cog-sweden/2-data/1-raw_tracks/session_d2-t2-c3-b-2l2-i-focal
2025-12-02T12:10:20,d2-t2-c3-t-2l2-i-focal,731.129035,172.919783,516.848326,904.039586,513.174358,/Volumes/Jacks-SSD-1/24-social-cog-sweden/2-data/1-raw_tracks/session_d2-t2-c3-t-2l2-i-focal/preprocessing/background.png,/Volumes/Jacks-SSD-1/24-social-cog-sweden/2-data/1-raw_tracks/session_d2-t2-c3-t-2l2-i-focal
2025-12-02T12:10:24,d2-t2-c4-b-2l1-d-focal,737.247154,1027.729871,543.790765,290.486786,546.240077,/Volumes/Jacks-SSD-1/24-social-cog-sweden/2-data/1-raw_tracks/session_d2-t2-c4-b-2l1-d-focal/preprocessing/background.png,/Volumes/Jacks-SSD-1/24-social-cog-sweden/2-data/1-raw_tracks/session_d2-t2-c4-b-2l1-d-focal
2025-12-02T12:10:26,d2-t2-c4-t-2l1-d-focal,736.022504,290.486786,546.240077,1026.505215,543.790765,/Volumes/Jacks-SSD-1/24-social-cog-sweden/2-data/1-raw_tracks/session_d2-t2-c4-t-2l1-d-focal/preprocessing/background.png,/Volumes/Jacks-SSD-1/24-social-cog-sweden/2-data/1-raw_tracks/session_d2-t2-c4-t-2l1-d-focal
2025-12-02T12:10:31,d2-t2-c5-b-2c3-i-focal,798.509708,492.555074,579.305797,1291.030973,571.957859,/Volumes/Jacks-SSD-1/24-social-cog-sweden/2-data/1-raw_tracks/session_d2-t2-c5-b-2c3-i-focal/preprocessing/background.png,/Volumes/Jacks-SSD-1/24-social-cog-sweden/2-data/1-raw_tracks/session_d2-t2-c5-b-2c3-i-focal
2025-12-02T12:10:34,d2-t2-c5-t-2c3-i-focal,802.149868,1291.030973,571.957859,488.881105,571.957859,/Volumes/Jacks-SSD-1/24-social-cog-sweden/2-data/1-raw_tracks/session_d2-t2-c5-t-2c3-i-focal/preprocessing/background.png,/Volumes/Jacks-SSD-1/24-social-cog-sweden/2-data/1-raw_tracks/session_d2-t2-c5-t-2c3-i-focal
2025-12-02T12:10:41,d2-t2-c6-b-2c2-i-focal,811.992372,1053.447653,513.174358,1865.394772,521.746952,/Volumes/Jacks-SSD-1/24-social-cog-sweden/2-data/1-raw_tracks/session_d2-t2-c6-b-2c2-i-focal/preprocessing/background.png,/Volumes/Jacks-SSD-1/24-social-cog-sweden/2-data/1-raw_tracks/session_d2-t2-c6-b-2c2-i-focal
2025-12-02T12:10:44,d2-t2-c6-b-2c3-i-focal,804.600113,1856.822178,505.826420,1052.222997,504.601764,/Volumes/Jacks-SSD-1/24-social-cog-sweden/2-data/1-raw_tracks/session_d2-t2-c6-b-2c3-i-focal/preprocessing/background.png,/Volumes/Jacks-SSD-1/24-social-cog-sweden/2-data/1-raw_tracks/session_d2-t2-c6-b-2c3-i-focal
2025-12-02T12:10:46,d2-t2-c6-t-2c2-i-focal,804.600113,1052.222997,504.601764,1856.822178,503.377107,/Volumes/Jacks-SSD-1/24-social-cog-sweden/2-data/1-raw_tracks/session_d2-t2-c6-t-2c2-i-focal/preprocessing/background.png,/Volumes/Jacks-SSD-1/24-social-cog-sweden/2-data/1-raw_tracks/session_d2-t2-c6-t-2c2-i-focal
2025-12-02T12:10:49,d2-t2-c6-t-2c3-i-focal,803.382925,1856.822178,507.051076,1053.447653,503.377107,/Volumes/Jacks-SSD-1/24-social-cog-sweden/2-data/1-raw_tracks/session_d2-t2-c6-t-2c3-i-focal/preprocessing/background.png,/Volumes/Jacks-SSD-1/24-social-cog-sweden/2-data/1-raw_tracks/session_d2-t2-c6-t-2c3-i-focal
2025-12-02T12:10:53,d2-t2-c7-b-2l1-i-focal,759.311588,868.524554,416.426511,1627.811452,422.549792,/Volumes/Jacks-SSD-1/24-social-cog-sweden/2-data/1-raw_tracks/session_d2-t2-c7-b-2l1-i-focal/preprocessing/background.png,/Volumes/Jacks-SSD-1/24-social-cog-sweden/2-data/1-raw_tracks/session_d2-t2-c7-b-2l1-i-focal
2025-12-02T12:10:56,d2-t2-c7-t-2l1-i-focal,756.846503,1626.586796,422.549792,869.749210,418.875823,/Volumes/Jacks-SSD-1/24-social-cog-sweden/2-data/1-raw_tracks/session_d2-t2-c7-t-2l1-i-focal/preprocessing/background.png,/Volumes/Jacks-SSD-1/24-social-cog-sweden/2-data/1-raw_tracks/session_d2-t2-c7-t-2l1-i-focal
2025-12-02T12:11:01,d2-t2-c8-b-2h1-i-focal,715.467639,873.423179,538.892140,158.223907,519.297639,/Volumes/Jacks-SSD-1/24-social-cog-sweden/2-data/1-raw_tracks/session_d2-t2-c8-b-2h1-i-focal/preprocessing/background.png,/Volumes/Jacks-SSD-1/24-social-cog-sweden/2-data/1-raw_tracks/session_d2-t2-c8-b-2h1-i-focal
2025-12-02T12:11:03,d2-t2-c8-b-2h2-i-focal,717.916036,158.223907,519.297639,875.872491,538.892140,/Volumes/Jacks-SSD-1/24-social-cog-sweden/2-data/1-raw_tracks/session_d2-t2-c8-b-2h2-i-focal/preprocessing/background.png,/Volumes/Jacks-SSD-1/24-social-cog-sweden/2-data/1-raw_tracks/session_d2-t2-c8-b-2h2-i-focal
2025-12-02T12:11:34,d2-t2-c8-t-2h1-i-focal,719.290379,156.999251,515.623670,875.872491,540.116796,/Volumes/Jacks-SSD-1/24-social-cog-sweden/2-data/1-raw_tracks/session_d2-t2-c8-t-2h1-i-focal/preprocessing/background.png,/Volumes/Jacks-SSD-1/24-social-cog-sweden/2-data/1-raw_tracks/session_d2-t2-c8-t-2h1-i-focal
2025-12-02T12:11:40,d2-t2-c8-t-2h2-i-focal,717.950505,155.774595,515.623670,873.423179,536.442827,/Volumes/Jacks-SSD-1/24-social-cog-sweden/2-data/1-raw_tracks/session_d2-t2-c8-t-2h2-i-focal/preprocessing/background.png,/Volumes/Jacks-SSD-1/24-social-cog-sweden/2-data/1-raw_tracks/session_d2-t2-c8-t-2h2-i-focal
2025-12-02T12:11:43,d2-t2-c9-b-2c1-d-focal,749.570687,825.661584,507.051076,1575.151232,518.072983,/Volumes/Jacks-SSD-1/24-social-cog-sweden/2-data/1-raw_tracks/session_d2-t2-c9-b-2c1-d-focal/preprocessing/background.png,/Volumes/Jacks-SSD-1/24-social-cog-sweden/2-data/1-raw_tracks/session_d2-t2-c9-b-2c1-d-focal
2025-12-02T12:11:46,d2-t2-c9-t-2c1-d-focal,747.121640,1575.151232,518.072983,828.110896,507.051076,/Volumes/Jacks-SSD-1/24-social-cog-sweden/2-data/1-raw_tracks/session_d2-t2-c9-t-2c1-d-focal/preprocessing/background.png,/Volumes/Jacks-SSD-1/24-social-cog-sweden/2-data/1-raw_tracks/session_d2-t2-c9-t-2c1-d-focal
2025-12-02T12:11:58,d3-t2-c1-b-3h1-i-focal,630.898895,515.823543,390.708729,1146.521531,374.788197,/Volumes/Jacks-SSD-1/24-social-cog-sweden/2-data/1-raw_tracks/session_d3-t2-c1-b-3h1-i-focal/preprocessing/background.png,/Volumes/Jacks-SSD-1/24-social-cog-sweden/2-data/1-raw_tracks/session_d3-t2-c1-b-3h1-i-focal
2025-12-02T12:12:01,d3-t2-c1-t-3h1-i-focal,638.215146,1148.970844,376.012853,510.924918,390.708729,/Volumes/Jacks-SSD-1/24-social-cog-sweden/2-data/1-raw_tracks/session_d3-t2-c1-t-3h1-i-focal/preprocessing/background.png,/Volumes/Jacks-SSD-1/24-social-cog-sweden/2-data/1-raw_tracks/session_d3-t2-c1-t-3h1-i-focal
2025-12-02T12:12:04,d3-t2-c10-b-3c2-d-focal,780.130086,421.525009,393.158041,1201.631064,387.034760,/Volumes/Jacks-SSD-1/24-social-cog-sweden/2-data/1-raw_tracks/session_d3-t2-c10-b-3c2-d-focal/preprocessing/background.png,/Volumes/Jacks-SSD-1/24-social-cog-sweden/2-data/1-raw_tracks/session_d3-t2-c10-b-3c2-d-focal
2025-12-02T12:12:06,d3-t2-c10-t-3c2-d-focal,772.793051,1201.631064,387.034760,428.872947,394.382698,/Volumes/Jacks-SSD-1/24-social-cog-sweden/2-data/1-raw_tracks/session_d3-t2-c10-t-3c2-d-focal/preprocessing/background.png,/Volumes/Jacks-SSD-1/24-social-cog-sweden/2-data/1-raw_tracks/session_d3-t2-c10-t-3c2-d-focal
2025-12-02T12:12:11,d3-t2-c2-b-3c2-i-focal,733.651914,280.689536,385.810104,1014.258652,374.788197,/Volumes/Jacks-SSD-1/24-social-cog-sweden/2-data/1-raw_tracks/session_d3-t2-c2-b-3c2-i-focal/preprocessing/background.png,/Volumes/Jacks-SSD-1/24-social-cog-sweden/2-data/1-raw_tracks/session_d3-t2-c2-b-3c2-i-focal
2025-12-02T12:12:13,d3-t2-c2-t-3c2-i-focal,743.391585,1014.258652,374.788197,270.892286,380.911479,/Volumes/Jacks-SSD-1/24-social-cog-sweden/2-data/1-raw_tracks/session_d3-t2-c2-t-3c2-i-focal/preprocessing/background.png,/Volumes/Jacks-SSD-1/24-social-cog-sweden/2-data/1-raw_tracks/session_d3-t2-c2-t-3c2-i-focal
2025-12-02T12:12:16,d3-t2-c2-t-3h3-d-focal,749.514661,267.218317,377.237510,1016.707965,371.114228,/Volumes/Jacks-SSD-1/24-social-cog-sweden/2-data/1-raw_tracks/session_d3-t2-c2-t-3h3-d-focal/preprocessing/background.png,/Volumes/Jacks-SSD-1/24-social-cog-sweden/2-data/1-raw_tracks/session_d3-t2-c2-t-3h3-d-focal
2025-12-02T12:12:19,d3-t2-c3-b-3h3-i-focal,749.610703,950.576525,424.999105,1700.066173,411.527886,/Volumes/Jacks-SSD-1/24-social-cog-sweden/2-data/1-raw_tracks/session_d3-t2-c3-b-3h3-i-focal/preprocessing/background.png,/Volumes/Jacks-SSD-1/24-social-cog-sweden/2-data/1-raw_tracks/session_d3-t2-c3-b-3h3-i-focal
2025-12-02T12:12:22,d3-t2-c3-b-3l2-d-focal,761.834649,1700.066173,411.527886,938.329962,423.774449,/Volumes/Jacks-SSD-1/24-social-cog-sweden/2-data/1-raw_tracks/session_d3-t2-c3-b-3l2-d-focal/preprocessing/background.png,/Volumes/Jacks-SSD-1/24-social-cog-sweden/2-data/1-raw_tracks/session_d3-t2-c3-b-3l2-d-focal
2025-12-02T12:12:25,d3-t2-c3-t-3h3-i-focal,761.877958,938.329962,423.774449,1700.066173,409.078573,/Volumes/Jacks-SSD-1/24-social-cog-sweden/2-data/1-raw_tracks/session_d3-t2-c3-t-3h3-i-focal/preprocessing/background.png,/Volumes/Jacks-SSD-1/24-social-cog-sweden/2-data/1-raw_tracks/session_d3-t2-c3-t-3h3-i-focal
2025-12-02T12:12:30,d3-t2-c3-t-3l2-d-focal,734.109687,894.242336,420.100480,160.673220,448.267574,/Volumes/Jacks-SSD-1/24-social-cog-sweden/2-data/1-raw_tracks/session_d3-t2-c3-t-3l2-d-focal/preprocessing/background.png,/Volumes/Jacks-SSD-1/24-social-cog-sweden/2-data/1-raw_tracks/session_d3-t2-c3-t-3l2-d-focal
2025-12-02T12:12:34,d3-t2-c4-b-3l3-i-focal,740.921102,265.993660,458.064825,1006.910714,455.615512,/Volumes/Jacks-SSD-1/24-social-cog-sweden/2-data/1-raw_tracks/session_d3-t2-c4-b-3l3-i-focal/preprocessing/background.png,/Volumes/Jacks-SSD-1/24-social-cog-sweden/2-data/1-raw_tracks/session_d3-t2-c4-b-3l3-i-focal
2025-12-02T12:12:37,d3-t2-c4-t-3l3-i-focal,748.290045,1013.033996,455.615512,264.769004,461.738794,/Volumes/Jacks-SSD-1/24-social-cog-sweden/2-data/1-raw_tracks/session_d3-t2-c4-t-3l3-i-focal/preprocessing/background.png,/Volumes/Jacks-SSD-1/24-social-cog-sweden/2-data/1-raw_tracks/session_d3-t2-c4-t-3l3-i-focal
2025-12-02T12:12:40,d3-t2-c5-b-3h1-d-focal,774.017652,248.848472,421.325136,1022.831246,413.977198,/Volumes/Jacks-SSD-1/24-social-cog-sweden/2-data/1-raw_tracks/session_d3-t2-c5-b-3h1-d-focal/preprocessing/background.png,/Volumes/Jacks-SSD-1/24-social-cog-sweden/2-data/1-raw_tracks/session_d3-t2-c5-b-3h1-d-focal
2025-12-02T12:12:43,d3-t2-c5-b-3h3-i-focal,780.109900,1022.831246,413.977198,242.725191,416.426511,/Volumes/Jacks-SSD-1/24-social-cog-sweden/2-data/1-raw_tracks/session_d3-t2-c5-b-3h3-i-focal/preprocessing/background.png,/Volumes/Jacks-SSD-1/24-social-cog-sweden/2-data/1-raw_tracks/session_d3-t2-c5-b-3h3-i-focal
2025-12-02T12:12:46,d3-t2-c5-t-3h1-d-focal,772.793051,251.297785,420.100480,1024.055902,412.752542,/Volumes/Jacks-SSD-1/24-social-cog-sweden/2-data/1-raw_tracks/session_d3-t2-c5-t-3h1-d-focal/preprocessing/background.png,/Volumes/Jacks-SSD-1/24-social-cog-sweden/2-data/1-raw_tracks/session_d3-t2-c5-t-3h1-d-focal
2025-12-02T12:12:49,d3-t2-c5-t-3h3-i-focal,775.231613,1024.055902,412.752542,248.848472,418.875823,/Volumes/Jacks-SSD-1/24-social-cog-sweden/2-data/1-raw_tracks/session_d3-t2-c5-t-3h3-i-focal/preprocessing/background.png,/Volumes/Jacks-SSD-1/24-social-cog-sweden/2-data/1-raw_tracks/session_d3-t2-c5-t-3h3-i-focal
2025-12-02T12:12:53,d3-t2-c7-b-3c3-i-focal,761.771650,866.075241,322.127977,1627.811452,329.475915,/Volumes/Jacks-SSD-1/24-social-cog-sweden/2-data/1-raw_tracks/session_d3-t2-c7-b-3c3-i-focal/preprocessing/background.png,/Volumes/Jacks-SSD-1/24-social-cog-sweden/2-data/1-raw_tracks/session_d3-t2-c7-b-3c3-i-focal
2025-12-02T12:12:56,d3-t2-c7-t-3c3-i-focal,762.985438,1627.811452,329.475915,864.850585,323.352633,/Volumes/Jacks-SSD-1/24-social-cog-sweden/2-data/1-raw_tracks/session_d3-t2-c7-t-3c3-i-focal/preprocessing/background.png,/Volumes/Jacks-SSD-1/24-social-cog-sweden/2-data/1-raw_tracks/session_d3-t2-c7-t-3c3-i-focal
2025-12-02T12:13:00,d3-t2-c8-b-3c3-i-focal,711.989930,930.982024,451.941543,1642.507327,477.659325,/Volumes/Jacks-SSD-1/24-social-cog-sweden/2-data/1-raw_tracks/session_d3-t2-c8-b-3c3-i-focal/preprocessing/background.png,/Volumes/Jacks-SSD-1/24-social-cog-sweden/2-data/1-raw_tracks/session_d3-t2-c8-b-3c3-i-focal
2025-12-02T12:13:03,d3-t2-c8-b-3h2-i-focal,713.170679,1642.507327,477.659325,929.757368,453.166200,/Volumes/Jacks-SSD-1/24-social-cog-sweden/2-data/1-raw_tracks/session_d3-t2-c8-b-3h2-i-focal/preprocessing/background.png,/Volumes/Jacks-SSD-1/24-social-cog-sweden/2-data/1-raw_tracks/session_d3-t2-c8-b-3h2-i-focal
2025-12-02T12:13:06,d3-t2-c8-t-3c3-i-focal,722.672778,884.445085,448.267574,161.897876,434.796355,/Volumes/Jacks-SSD-1/24-social-cog-sweden/2-data/1-raw_tracks/session_d3-t2-c8-t-3c3-i-focal/preprocessing/background.png,/Volumes/Jacks-SSD-1/24-social-cog-sweden/2-data/1-raw_tracks/session_d3-t2-c8-t-3c3-i-focal
2025-12-02T12:13:09,d3-t2-c8-t-3h2-i-focal,722.883393,161.897876,434.796355,884.445085,456.840168,/Volumes/Jacks-SSD-1/24-social-cog-sweden/2-data/1-raw_tracks/session_d3-t2-c8-t-3h2-i-focal/preprocessing/background.png,/Volumes/Jacks-SSD-1/24-social-cog-sweden/2-data/1-raw_tracks/session_d3-t2-c8-t-3h2-i-focal
2025-12-02T12:13:12,d3-t2-c9-b-3l2-i-focal,752.002783,836.683490,427.448417,1588.622451,437.245668,/Volumes/Jacks-SSD-1/24-social-cog-sweden/2-data/1-raw_tracks/session_d3-t2-c9-b-3l2-i-focal/preprocessing/background.png,/Volumes/Jacks-SSD-1/24-social-cog-sweden/2-data/1-raw_tracks/session_d3-t2-c9-b-3l2-i-focal
2025-12-02T12:13:15,d3-t2-c9-t-3l2-i-focal,749.538672,1588.622451,437.245668,839.132803,428.673074,/Volumes/Jacks-SSD-1/24-social-cog-sweden/2-data/1-raw_tracks/session_d3-t2-c9-t-3l2-i-focal/preprocessing/background.png,/Volumes/Jacks-SSD-1/24-social-cog-sweden/2-data/1-raw_tracks/session_d3-t2-c9-t-3l2-i-focal
2025-12-02T12:13:18,d4-t1-c1-t-4h2-d-focal,639.500457,1147.746187,371.114228,508.475605,388.259416,/Volumes/Jacks-SSD-1/24-social-cog-sweden/2-data/1-raw_tracks/session_d4-t1-c1-t-4h2-d-focal/preprocessing/background.png,/Volumes/Jacks-SSD-1/24-social-cog-sweden/2-data/1-raw_tracks/session_d4-t1-c1-t-4h2-d-focal
2025-12-02T12:13:21,d4-t1-c10-b-4l2-i-focal,787.453993,411.727759,379.686822,1199.181751,379.686822,/Volumes/Jacks-SSD-1/24-social-cog-sweden/2-data/1-raw_tracks/session_d4-t1-c10-b-4l2-i-focal/preprocessing/background.png,/Volumes/Jacks-SSD-1/24-social-cog-sweden/2-data/1-raw_tracks/session_d4-t1-c10-b-4l2-i-focal
2025-12-02T12:13:24,d4-t1-c10-t-4l2-i-focal,785.004680,1199.181751,379.686822,414.177071,379.686822,/Volumes/Jacks-SSD-1/24-social-cog-sweden/2-data/1-raw_tracks/session_d4-t1-c10-t-4l2-i-focal/preprocessing/background.png,/Volumes/Jacks-SSD-1/24-social-cog-sweden/2-data/1-raw_tracks/session_d4-t1-c10-t-4l2-i-focal
2025-12-02T12:13:58,d4-t1-c2-b-4c3-d-focal,734.940716,1010.584683,369.889572,275.790911,384.585447,/Volumes/Jacks-SSD-1/24-social-cog-sweden/2-data/1-raw_tracks/session_d4-t1-c2-b-4c3-d-focal/preprocessing/background.png,/Volumes/Jacks-SSD-1/24-social-cog-sweden/2-data/1-raw_tracks/session_d4-t1-c2-b-4c3-d-focal
2025-12-02T12:14:01,d4-t1-c2-b-4h1-i-focal,734.940716,275.790911,384.585447,1010.584683,369.889572,/Volumes/Jacks-SSD-1/24-social-cog-sweden/2-data/1-raw_tracks/session_d4-t1-c2-b-4h1-i-focal/preprocessing/background.png,/Volumes/Jacks-SSD-1/24-social-cog-sweden/2-data/1-raw_tracks/session_d4-t1-c2-b-4h1-i-focal
2025-12-02T12:14:03,d4-t1-c2-t-4h1-i-focal,743.488418,1010.584683,369.889572,267.218317,383.360791,/Volumes/Jacks-SSD-1/24-social-cog-sweden/2-data/1-raw_tracks/session_d4-t1-c2-t-4h1-i-focal/preprocessing/background.png,/Volumes/Jacks-SSD-1/24-social-cog-sweden/2-data/1-raw_tracks/session_d4-t1-c2-t-4h1-i-focal
2025-12-02T12:14:07,d4-t1-c3-b-4c1-d-focal,749.514661,1010.584683,453.166200,261.095035,459.289481,/Volumes/Jacks-SSD-1/24-social-cog-sweden/2-data/1-raw_tracks/session_d4-t1-c3-b-4c1-d-focal/preprocessing/background.png,/Volumes/Jacks-SSD-1/24-social-cog-sweden/2-data/1-raw_tracks/session_d4-t1-c3-b-4c1-d-focal
2025-12-02T12:14:10,d4-t1-c5-b-4h2-i-focal,769.108524,252.522441,415.201855,1021.606590,409.078573,/Volumes/Jacks-SSD-1/24-social-cog-sweden/2-data/1-raw_tracks/session_d4-t1-c5-b-4h2-i-focal/preprocessing/background.png,/Volumes/Jacks-SSD-1/24-social-cog-sweden/2-data/1-raw_tracks/session_d4-t1-c5-b-4h2-i-focal
2025-12-02T12:14:13,d4-t1-c5-b-4l1-d-focal,781.354705,1021.606590,409.078573,240.275878,415.201855,/Volumes/Jacks-SSD-1/24-social-cog-sweden/2-data/1-raw_tracks/session_d4-t1-c5-b-4l1-d-focal/preprocessing/background.png,/Volumes/Jacks-SSD-1/24-social-cog-sweden/2-data/1-raw_tracks/session_d4-t1-c5-b-4l1-d-focal
2025-12-02T12:14:15,d4-t1-c5-t-4h2-i-focal,780.121435,240.275878,415.201855,1020.381933,410.303229,/Volumes/Jacks-SSD-1/24-social-cog-sweden/2-data/1-raw_tracks/session_d4-t1-c5-t-4h2-i-focal/preprocessing/background.png,/Volumes/Jacks-SSD-1/24-social-cog-sweden/2-data/1-raw_tracks/session_d4-t1-c5-t-4h2-i-focal
2025-12-02T12:14:17,d4-t1-c5-t-4l1-d-focal,776.466855,1020.381933,410.303229,243.949847,417.651167,/Volumes/Jacks-SSD-1/24-social-cog-sweden/2-data/1-raw_tracks/session_d4-t1-c5-t-4l1-d-focal/preprocessing/background.png,/Volumes/Jacks-SSD-1/24-social-cog-sweden/2-data/1-raw_tracks/session_d4-t1-c5-t-4l1-d-focal
2025-12-02T12:14:22,d4-t1-c6-b-4c3-i-focal,740.020792,897.916305,416.426511,158.223907,438.470324,/Volumes/Jacks-SSD-1/24-social-cog-sweden/2-data/1-raw_tracks/session_d4-t1-c6-b-4c3-i-focal/preprocessing/background.png,/Volumes/Jacks-SSD-1/24-social-cog-sweden/2-data/1-raw_tracks/session_d4-t1-c6-b-4c3-i-focal
2025-12-02T12:14:25,d4-t1-c6-b-4h1-d-focal,736.247634,160.673220,438.470324,896.691648,420.100480,/Volumes/Jacks-SSD-1/24-social-cog-sweden/2-data/1-raw_tracks/session_d4-t1-c6-b-4h1-d-focal/preprocessing/background.png,/Volumes/Jacks-SSD-1/24-social-cog-sweden/2-data/1-raw_tracks/session_d4-t1-c6-b-4h1-d-focal
2025-12-02T12:14:27,d4-t1-c6-t-4c3-i-focal,737.442421,896.691648,420.100480,159.448563,437.245668,/Volumes/Jacks-SSD-1/24-social-cog-sweden/2-data/1-raw_tracks/session_d4-t1-c6-t-4c3-i-focal/preprocessing/background.png,/Volumes/Jacks-SSD-1/24-social-cog-sweden/2-data/1-raw_tracks/session_d4-t1-c6-t-4c3-i-focal
2025-12-02T12:14:30,d4-t1-c6-t-4h1-d-focal,735.023360,159.448563,437.245668,894.242336,418.875823,/Volumes/Jacks-SSD-1/24-social-cog-sweden/2-data/1-raw_tracks/session_d4-t1-c6-t-4h1-d-focal/preprocessing/background.png,/Volumes/Jacks-SSD-1/24-social-cog-sweden/2-data/1-raw_tracks/session_d4-t1-c6-t-4h1-d-focal
2025-12-02T12:14:33,d4-t1-c7-t-4l1-i-focal,758.071145,864.850585,323.352633,1622.912827,327.026602,/Volumes/Jacks-SSD-1/24-social-cog-sweden/2-data/1-raw_tracks/session_d4-t1-c7-t-4l1-i-focal/preprocessing/background.png,/Volumes/Jacks-SSD-1/24-social-cog-sweden/2-data/1-raw_tracks/session_d4-t1-c7-t-4l1-i-focal
2025-12-02T12:14:38,d4-t1-c8-b-4c2-i-focal,727.900300,1648.630609,475.210013,921.184774,449.492231,/Volumes/Jacks-SSD-1/24-social-cog-sweden/2-data/1-raw_tracks/session_d4-t1-c8-b-4c2-i-focal/preprocessing/background.png,/Volumes/Jacks-SSD-1/24-social-cog-sweden/2-data/1-raw_tracks/session_d4-t1-c8-b-4c2-i-focal
2025-12-02T12:14:40,d4-t1-c8-b-4h3-d-focal,726.815709,924.858743,449.492231,1651.079921,478.883982,/Volumes/Jacks-SSD-1/24-social-cog-sweden/2-data/1-raw_tracks/session_d4-t1-c8-b-4h3-d-focal/preprocessing/background.png,/Volumes/Jacks-SSD-1/24-social-cog-sweden/2-data/1-raw_tracks/session_d4-t1-c8-b-4h3-d-focal
2025-12-02T12:14:45,d4-t1-c8-t-4c2-i-focal,722.812849,881.995773,447.042918,159.448563,427.448417,/Volumes/Jacks-SSD-1/24-social-cog-sweden/2-data/1-raw_tracks/session_d4-t1-c8-t-4c2-i-focal/preprocessing/background.png,/Volumes/Jacks-SSD-1/24-social-cog-sweden/2-data/1-raw_tracks/session_d4-t1-c8-t-4c2-i-focal
2025-12-02T12:14:47,d4-t1-c8-t-4h3-d-focal,720.514326,159.448563,427.448417,879.546460,451.941543,/Volumes/Jacks-SSD-1/24-social-cog-sweden/2-data/1-raw_tracks/session_d4-t1-c8-t-4h3-d-focal/preprocessing/background.png,/Volumes/Jacks-SSD-1/24-social-cog-sweden/2-data/1-raw_tracks/session_d4-t1-c8-t-4h3-d-focal
2025-12-02T12:14:51,d4-t1-c9-b-4c3-i-focal,752.082555,831.784865,424.999105,1583.723826,439.694980,/Volumes/Jacks-SSD-1/24-social-cog-sweden/2-data/1-raw_tracks/session_d4-t1-c9-b-4c3-i-focal/preprocessing/background.png,/Volumes/Jacks-SSD-1/24-social-cog-sweden/2-data/1-raw_tracks/session_d4-t1-c9-b-4c3-i-focal
2025-12-02T12:14:53,d4-t1-c9-t-4c3-i-focal,750.939024,1583.723826,439.694980,833.009521,421.325136,/Volumes/Jacks-SSD-1/24-social-cog-sweden/2-data/1-raw_tracks/session_d4-t1-c9-t-4c3-i-focal/preprocessing/background.png,/Volumes/Jacks-SSD-1/24-social-cog-sweden/2-data/1-raw_tracks/session_d4-t1-c9-t-4c3-i-focal
2025-12-02T12:14:56,d4-t2-c1-b-4c2-i-focal,632.066216,1164.891375,456.840168,532.968731,470.311388,/Volumes/Jacks-SSD-1/24-social-cog-sweden/2-data/1-raw_tracks/session_d4-t2-c1-b-4c2-i-focal/preprocessing/background.png,/Volumes/Jacks-SSD-1/24-social-cog-sweden/2-data/1-raw_tracks/session_d4-t2-c1-b-4c2-i-focal
2025-12-02T12:14:59,d4-t2-c1-t-4c2-i-focal,629.617462,532.968731,470.311388,1162.442063,456.840168,/Volumes/Jacks-SSD-1/24-social-cog-sweden/2-data/1-raw_tracks/session_d4-t2-c1-t-4c2-i-focal/preprocessing/background.png,/Volumes/Jacks-SSD-1/24-social-cog-sweden/2-data/1-raw_tracks/session_d4-t2-c1-t-4c2-i-focal
2025-12-02T12:15:03,d4-t2-c10-b-4l2-d-focal,776.447539,1211.428314,480.108638,434.996228,485.007263,/Volumes/Jacks-SSD-1/24-social-cog-sweden/2-data/1-raw_tracks/session_d4-t2-c10-b-4l2-d-focal/preprocessing/background.png,/Volumes/Jacks-SSD-1/24-social-cog-sweden/2-data/1-raw_tracks/session_d4-t2-c10-b-4l2-d-focal
2025-12-02T12:15:05,d4-t2-c10-t-4l2-d-focal,773.991493,434.996228,485.007263,1208.979002,481.333294,/Volumes/Jacks-SSD-1/24-social-cog-sweden/2-data/1-raw_tracks/session_d4-t2-c10-t-4l2-d-focal/preprocessing/background.png,/Volumes/Jacks-SSD-1/24-social-cog-sweden/2-data/1-raw_tracks/session_d4-t2-c10-t-4l2-d-focal
2025-12-02T12:15:10,d4-t2-c2-b-4c1-d-focal,723.772902,279.464880,466.637419,1003.236745,465.412762,/Volumes/Jacks-SSD-1/24-social-cog-sweden/2-data/1-raw_tracks/session_d4-t2-c2-b-4c1-d-focal/preprocessing/background.png,/Volumes/Jacks-SSD-1/24-social-cog-sweden/2-data/1-raw_tracks/session_d4-t2-c2-b-4c1-d-focal
2025-12-02T12:15:15,d4-t2-c2-b-4l2-i-focal,728.720916,1005.686058,459.289481,277.015567,467.862075,/Volumes/Jacks-SSD-1/24-social-cog-sweden/2-data/1-raw_tracks/session_d4-t2-c2-b-4l2-i-focal/preprocessing/background.png,/Volumes/Jacks-SSD-1/24-social-cog-sweden/2-data/1-raw_tracks/session_d4-t2-c2-b-4l2-i-focal
2025-12-02T12:15:18,d4-t2-c2-t-4c1-d-focal,734.810101,277.015567,467.862075,1011.809339,462.963450,/Volumes/Jacks-SSD-1/24-social-cog-sweden/2-data/1-raw_tracks/session_d4-t2-c2-t-4c1-d-focal/preprocessing/background.png,/Volumes/Jacks-SSD-1/24-social-cog-sweden/2-data/1-raw_tracks/session_d4-t2-c2-t-4c1-d-focal
2025-12-02T12:15:20,d4-t2-c2-t-4l2-i-focal,733.578316,1011.809339,462.963450,278.240223,466.637419,/Volumes/Jacks-SSD-1/24-social-cog-sweden/2-data/1-raw_tracks/session_d4-t2-c2-t-4l2-i-focal/preprocessing/background.png,/Volumes/Jacks-SSD-1/24-social-cog-sweden/2-data/1-raw_tracks/session_d4-t2-c2-t-4l2-i-focal
2025-12-02T12:15:25,d4-t2-c3-b-4h1-d-focal,738.476880,1025.280559,563.385265,286.812817,567.059234,/Volumes/Jacks-SSD-1/24-social-cog-sweden/2-data/1-raw_tracks/session_d4-t2-c3-b-4h1-d-focal/preprocessing/background.png,/Volumes/Jacks-SSD-1/24-social-cog-sweden/2-data/1-raw_tracks/session_d4-t2-c3-b-4h1-d-focal
2025-12-02T12:15:28,d4-t2-c3-t-4h1-d-focal,748.269000,283.138848,565.834578,1031.403840,568.283891,/Volumes/Jacks-SSD-1/24-social-cog-sweden/2-data/1-raw_tracks/session_d4-t2-c3-t-4h1-d-focal/preprocessing/background.png,/Volumes/Jacks-SSD-1/24-social-cog-sweden/2-data/1-raw_tracks/session_d4-t2-c3-t-4h1-d-focal
2025-12-02T12:15:32,d4-t2-c4-b-4h3-i-focal,796.026587,1291.030973,595.226329,495.004386,595.226329,/Volumes/Jacks-SSD-1/24-social-cog-sweden/2-data/1-raw_tracks/session_d4-t2-c4-b-4h3-i-focal/preprocessing/background.png,/Volumes/Jacks-SSD-1/24-social-cog-sweden/2-data/1-raw_tracks/session_d4-t2-c4-b-4h3-i-focal
2025-12-02T12:15:35,d4-t2-c4-t-4h3-i-focal,803.382925,485.207136,598.900298,1288.581660,595.226329,/Volumes/Jacks-SSD-1/24-social-cog-sweden/2-data/1-raw_tracks/session_d4-t2-c4-t-4h3-i-focal/preprocessing/background.png,/Volumes/Jacks-SSD-1/24-social-cog-sweden/2-data/1-raw_tracks/session_d4-t2-c4-t-4h3-i-focal
2025-12-02T12:15:39,d4-t2-c5-b-4c2-d-focal,763.023768,259.870379,548.689390,1022.831246,558.486640,/Volumes/Jacks-SSD-1/24-social-cog-sweden/2-data/1-raw_tracks/session_d4-t2-c5-b-4c2-d-focal/preprocessing/background.png,/Volumes/Jacks-SSD-1/24-social-cog-sweden/2-data/1-raw_tracks/session_d4-t2-c5-b-4c2-d-focal
2025-12-02T12:15:41,d4-t2-c5-b-4l3-d-focal,765.472879,1022.831246,558.486640,257.421066,568.283891,/Volumes/Jacks-SSD-1/24-social-cog-sweden/2-data/1-raw_tracks/session_d4-t2-c5-b-4l3-d-focal/preprocessing/background.png,/Volumes/Jacks-SSD-1/24-social-cog-sweden/2-data/1-raw_tracks/session_d4-t2-c5-b-4l3-d-focal
2025-12-02T12:15:45,d4-t2-c5-t-4c2-d-focal,767.860469,258.645723,538.892140,1026.505215,540.116796,/Volumes/Jacks-SSD-1/24-social-cog-sweden/2-data/1-raw_tracks/session_d4-t2-c5-t-4c2-d-focal/preprocessing/background.png,/Volumes/Jacks-SSD-1/24-social-cog-sweden/2-data/1-raw_tracks/session_d4-t2-c5-t-4c2-d-focal
2025-12-02T12:15:47,d4-t2-c5-t-4l3-d-focal,769.163123,1026.505215,540.116796,257.421066,551.138703,/Volumes/Jacks-SSD-1/24-social-cog-sweden/2-data/1-raw_tracks/session_d4-t2-c5-t-4l3-d-focal/preprocessing/background.png,/Volumes/Jacks-SSD-1/24-social-cog-sweden/2-data/1-raw_tracks/session_d4-t2-c5-t-4l3-d-focal
2025-12-02T12:15:50,d4-t2-c6-b-4c1-i-focal,726.369857,168.021157,538.892140,894.242336,524.196264,/Volumes/Jacks-SSD-1/24-social-cog-sweden/2-data/1-raw_tracks/session_d4-t2-c6-b-4c1-i-focal/preprocessing/background.png,/Volumes/Jacks-SSD-1/24-social-cog-sweden/2-data/1-raw_tracks/session_d4-t2-c6-b-4c1-i-focal
2025-12-02T12:15:52,d4-t2-c6-b-4l3-i-focal,727.570557,894.242336,524.196264,166.796501,537.667483,/Volumes/Jacks-SSD-1/24-social-cog-sweden/2-data/1-raw_tracks/session_d4-t2-c6-b-4l3-i-focal/preprocessing/background.png,/Volumes/Jacks-SSD-1/24-social-cog-sweden/2-data/1-raw_tracks/session_d4-t2-c6-b-4l3-i-focal
2025-12-02T12:15:54,d4-t2-c6-t-4c1-i-focal,727.511806,166.796501,537.667483,894.242336,527.870233,/Volumes/Jacks-SSD-1/24-social-cog-sweden/2-data/1-raw_tracks/session_d4-t2-c6-t-4c1-i-focal/preprocessing/background.png,/Volumes/Jacks-SSD-1/24-social-cog-sweden/2-data/1-raw_tracks/session_d4-t2-c6-t-4c1-i-focal
2025-12-02T12:15:56,d4-t2-c6-t-4l3-i-focal,727.570557,894.242336,527.870233,166.796501,541.341452,/Volumes/Jacks-SSD-1/24-social-cog-sweden/2-data/1-raw_tracks/session_d4-t2-c6-t-4l3-i-focal/preprocessing/background.png,/Volumes/Jacks-SSD-1/24-social-cog-sweden/2-data/1-raw_tracks/session_d4-t2-c6-t-4l3-i-focal
2025-12-02T12:16:00,d4-t2-c7-b-4h3-d-focal,755.616899,857.502647,418.875823,1613.115576,416.426511,/Volumes/Jacks-SSD-1/24-social-cog-sweden/2-data/1-raw_tracks/session_d4-t2-c7-b-4h3-d-focal/preprocessing/background.png,/Volumes/Jacks-SSD-1/24-social-cog-sweden/2-data/1-raw_tracks/session_d4-t2-c7-b-4h3-d-focal
2025-12-02T12:16:02,d4-t2-c7-t-4h3-d-focal,754.389267,1613.115576,416.426511,858.727303,415.201855,/Volumes/Jacks-SSD-1/24-social-cog-sweden/2-data/1-raw_tracks/session_d4-t2-c7-t-4h3-d-focal/preprocessing/background.png,/Volumes/Jacks-SSD-1/24-social-cog-sweden/2-data/1-raw_tracks/session_d4-t2-c7-t-4h3-d-focal
2025-12-02T12:16:27,d4-t2-c8-b-4l1-d-focal,730.265943,885.669742,536.442827,155.774595,513.174358,/Volumes/Jacks-SSD-1/24-social-cog-sweden/2-data/1-raw_tracks/session_d4-t2-c8-b-4l1-d-focal/preprocessing/background.png,/Volumes/Jacks-SSD-1/24-social-cog-sweden/2-data/1-raw_tracks/session_d4-t2-c8-b-4l1-d-focal
2025-12-02T12:16:30,d4-t2-c8-b-4l3-i-focal,730.348088,153.325282,510.725045,883.220429,536.442827,/Volumes/Jacks-SSD-1/24-social-cog-sweden/2-data/1-raw_tracks/session_d4-t2-c8-b-4l3-i-focal/preprocessing/background.png,/Volumes/Jacks-SSD-1/24-social-cog-sweden/2-data/1-raw_tracks/session_d4-t2-c8-b-4l3-i-focal
2025-12-02T12:16:32,d4-t2-c8-t-4l1-d-focal,728.967847,883.220429,536.442827,154.549938,515.623670,/Volumes/Jacks-SSD-1/24-social-cog-sweden/2-data/1-raw_tracks/session_d4-t2-c8-t-4l1-d-focal/preprocessing/background.png,/Volumes/Jacks-SSD-1/24-social-cog-sweden/2-data/1-raw_tracks/session_d4-t2-c8-t-4l1-d-focal
2025-12-02T12:16:35,d4-t2-c8-t-4l3-i-focal,727.817878,154.549938,515.623670,881.995773,538.892140,/Volumes/Jacks-SSD-1/24-social-cog-sweden/2-data/1-raw_tracks/session_d4-t2-c8-t-4l3-i-focal/preprocessing/background.png,/Volumes/Jacks-SSD-1/24-social-cog-sweden/2-data/1-raw_tracks/session_d4-t2-c8-t-4l3-i-focal
2025-12-02T12:16:38,d4-t2-c9-b-4h2-i-focal,755.712166,825.661584,510.725045,1581.274513,522.971608,/Volumes/Jacks-SSD-1/24-social-cog-sweden/2-data/1-raw_tracks/session_d4-t2-c9-b-4h2-i-focal/preprocessing/background.png,/Volumes/Jacks-SSD-1/24-social-cog-sweden/2-data/1-raw_tracks/session_d4-t2-c9-b-4h2-i-focal
2025-12-02T12:16:41,d4-t2-c9-t-4h2-i-focal,756.900995,1581.274513,522.971608,824.436927,513.174358,/Volumes/Jacks-SSD-1/24-social-cog-sweden/2-data/1-raw_tracks/session_d4-t2-c9-t-4h2-i-focal/preprocessing/background.png,/Volumes/Jacks-SSD-1/24-social-cog-sweden/2-data/1-raw_tracks/session_d4-t2-c9-t-4h2-i-focal
2025-12-02T12:16:44,d5-t1-c1-b-5l2-i-focal,632.155191,1161.217406,460.514137,529.294762,477.659325,/Volumes/Jacks-SSD-1/24-social-cog-sweden/2-data/1-raw_tracks/session_d5-t1-c1-b-5l2-i-focal/preprocessing/background.png,/Volumes/Jacks-SSD-1/24-social-cog-sweden/2-data/1-raw_tracks/session_d5-t1-c1-b-5l2-i-focal
2025-12-02T12:16:46,d5-t1-c1-t-5l2-i-focal,632.226362,529.294762,477.659325,1161.217406,458.064825,/Volumes/Jacks-SSD-1/24-social-cog-sweden/2-data/1-raw_tracks/session_d5-t1-c1-t-5l2-i-focal/preprocessing/background.png,/Volumes/Jacks-SSD-1/24-social-cog-sweden/2-data/1-raw_tracks/session_d5-t1-c1-t-5l2-i-focal
2025-12-02T12:16:49,d5-t1-c10-b-5c1-i-focal,775.222907,1208.979002,472.760700,433.771572,477.659325,/Volumes/Jacks-SSD-1/24-social-cog-sweden/2-data/1-raw_tracks/session_d5-t1-c10-b-5c1-i-focal/preprocessing/background.png,/Volumes/Jacks-SSD-1/24-social-cog-sweden/2-data/1-raw_tracks/session_d5-t1-c10-b-5c1-i-focal
2025-12-02T12:16:52,d5-t1-c10-t-5c1-i-focal,777.665421,433.771572,477.659325,1211.428314,473.985356,/Volumes/Jacks-SSD-1/24-social-cog-sweden/2-data/1-raw_tracks/session_d5-t1-c10-t-5c1-i-focal/preprocessing/background.png,/Volumes/Jacks-SSD-1/24-social-cog-sweden/2-data/1-raw_tracks/session_d5-t1-c10-t-5c1-i-focal
2025-12-02T12:16:57,d5-t1-c2-b-5c3-d-focal,726.230472,277.015567,470.311388,1003.236745,466.637419,/Volumes/Jacks-SSD-1/24-social-cog-sweden/2-data/1-raw_tracks/session_d5-t1-c2-b-5c3-d-focal/preprocessing/background.png,/Volumes/Jacks-SSD-1/24-social-cog-sweden/2-data/1-raw_tracks/session_d5-t1-c2-b-5c3-d-focal
2025-12-02T12:16:59,d5-t1-c2-b-5l1-d-focal,723.875467,1003.236745,466.637419,279.464880,478.883982,/Volumes/Jacks-SSD-1/24-social-cog-sweden/2-data/1-raw_tracks/session_d5-t1-c2-b-5l1-d-focal/preprocessing/background.png,/Volumes/Jacks-SSD-1/24-social-cog-sweden/2-data/1-raw_tracks/session_d5-t1-c2-b-5l1-d-focal
2025-12-02T12:17:02,d5-t1-c2-t-5c3-d-focal,727.445835,278.240223,467.862075,1005.686058,467.862075,/Volumes/Jacks-SSD-1/24-social-cog-sweden/2-data/1-raw_tracks/session_d5-t1-c2-t-5c3-d-focal/preprocessing/background.png,/Volumes/Jacks-SSD-1/24-social-cog-sweden/2-data/1-raw_tracks/session_d5-t1-c2-t-5c3-d-focal
2025-12-02T12:17:05,d5-t1-c2-t-5l1-d-focal,722.650986,1004.461402,456.840168,281.914192,469.086731,/Volumes/Jacks-SSD-1/24-social-cog-sweden/2-data/1-raw_tracks/session_d5-t1-c2-t-5l1-d-focal/preprocessing/background.png,/Volumes/Jacks-SSD-1/24-social-cog-sweden/2-data/1-raw_tracks/session_d5-t1-c2-t-5l1-d-focal
2025-12-02T12:17:08,d5-t1-c3-b-5c2-d-focal,748.265994,280.689536,541.341452,1028.954527,542.566108,/Volumes/Jacks-SSD-1/24-social-cog-sweden/2-data/1-raw_tracks/session_d5-t1-c3-b-5c2-d-focal/preprocessing/background.png,/Volumes/Jacks-SSD-1/24-social-cog-sweden/2-data/1-raw_tracks/session_d5-t1-c3-b-5c2-d-focal
2025-12-02T12:17:12,d5-t1-c3-t-5c2-d-focal,747.041339,1024.055902,540.116796,277.015567,541.341452,/Volumes/Jacks-SSD-1/24-social-cog-sweden/2-data/1-raw_tracks/session_d5-t1-c3-t-5c2-d-focal/preprocessing/background.png,/Volumes/Jacks-SSD-1/24-social-cog-sweden/2-data/1-raw_tracks/session_d5-t1-c3-t-5c2-d-focal
2025-12-02T12:17:17,d5-t1-c4-b-5h2-d-focal,726.395666,168.021157,530.319546,894.242336,514.399014,/Volumes/Jacks-SSD-1/24-social-cog-sweden/2-data/1-raw_tracks/session_d5-t1-c4-b-5h2-d-focal/preprocessing/background.png,/Volumes/Jacks-SSD-1/24-social-cog-sweden/2-data/1-raw_tracks/session_d5-t1-c4-b-5h2-d-focal
2025-12-02T12:17:19,d5-t1-c4-b-5l1-i-focal,723.946944,894.242336,514.399014,170.470470,530.319546,/Volumes/Jacks-SSD-1/24-social-cog-sweden/2-data/1-raw_tracks/session_d5-t1-c4-b-5l1-i-focal/preprocessing/background.png,/Volumes/Jacks-SSD-1/24-social-cog-sweden/2-data/1-raw_tracks/session_d5-t1-c4-b-5l1-i-focal
2025-12-02T12:17:21,d5-t1-c4-t-5h2-d-focal,721.448335,170.470470,530.319546,891.793023,516.848326,/Volumes/Jacks-SSD-1/24-social-cog-sweden/2-data/1-raw_tracks/session_d5-t1-c4-t-5h2-d-focal/preprocessing/background.png,/Volumes/Jacks-SSD-1/24-social-cog-sweden/2-data/1-raw_tracks/session_d5-t1-c4-t-5h2-d-focal
2025-12-02T12:17:23,d5-t1-c4-t-5l1-i-focal,723.946944,891.793023,516.848326,168.021157,532.768858,/Volumes/Jacks-SSD-1/24-social-cog-sweden/2-data/1-raw_tracks/session_d5-t1-c4-t-5l1-i-focal/preprocessing/background.png,/Volumes/Jacks-SSD-1/24-social-cog-sweden/2-data/1-raw_tracks/session_d5-t1-c4-t-5l1-i-focal
2025-12-02T12:17:27,d5-t1-c5-b-5h3-i-focal,770.356504,1030.179184,507.051076,259.870379,515.623670,/Volumes/Jacks-SSD-1/24-social-cog-sweden/2-data/1-raw_tracks/session_d5-t1-c5-b-5h3-i-focal/preprocessing/background.png,/Volumes/Jacks-SSD-1/24-social-cog-sweden/2-data/1-raw_tracks/session_d5-t1-c5-b-5h3-i-focal
2025-12-02T12:17:29,d5-t1-c5-b-5l2-d-focal,771.651058,259.870379,515.623670,1031.403840,502.152451,/Volumes/Jacks-SSD-1/24-social-cog-sweden/2-data/1-raw_tracks/session_d5-t1-c5-b-5l2-d-focal/preprocessing/background.png,/Volumes/Jacks-SSD-1/24-social-cog-sweden/2-data/1-raw_tracks/session_d5-t1-c5-b-5l2-d-focal
2025-12-02T12:17:32,d5-t1-c5-t-5h3-i-focal,771.534433,1032.628496,513.174358,261.095035,511.949701,/Volumes/Jacks-SSD-1/24-social-cog-sweden/2-data/1-raw_tracks/session_d5-t1-c5-t-5h3-i-focal/preprocessing/background.png,/Volumes/Jacks-SSD-1/24-social-cog-sweden/2-data/1-raw_tracks/session_d5-t1-c5-t-5h3-i-focal
2025-12-02T12:17:35,d5-t1-c5-t-5l2-d-focal,781.334550,253.747098,511.949701,1035.077809,509.500389,/Volumes/Jacks-SSD-1/24-social-cog-sweden/2-data/1-raw_tracks/session_d5-t1-c5-t-5l2-d-focal/preprocessing/background.png,/Volumes/Jacks-SSD-1/24-social-cog-sweden/2-data/1-raw_tracks/session_d5-t1-c5-t-5l2-d-focal
2025-12-02T12:17:41,d5-t1-c6-b-5h1-d-focal,803.374524,488.881105,557.261984,1292.255629,557.261984,/Volumes/Jacks-SSD-1/24-social-cog-sweden/2-data/1-raw_tracks/session_d5-t1-c6-b-5h1-d-focal/preprocessing/background.png,/Volumes/Jacks-SSD-1/24-social-cog-sweden/2-data/1-raw_tracks/session_d5-t1-c6-b-5h1-d-focal
2025-12-02T12:17:43,d5-t1-c6-t-5h1-d-focal,799.715559,1292.255629,557.261984,492.555074,562.160609,/Volumes/Jacks-SSD-1/24-social-cog-sweden/2-data/1-raw_tracks/session_d5-t1-c6-t-5h1-d-focal/preprocessing/background.png,/Volumes/Jacks-SSD-1/24-social-cog-sweden/2-data/1-raw_tracks/session_d5-t1-c6-t-5h1-d-focal
2025-12-02T12:17:48,d5-t1-c7-b-5c1-d-focal,754.392249,867.299897,411.527886,1621.688170,413.977198,/Volumes/Jacks-SSD-1/24-social-cog-sweden/2-data/1-raw_tracks/session_d5-t1-c7-b-5c1-d-focal/preprocessing/background.png,/Volumes/Jacks-SSD-1/24-social-cog-sweden/2-data/1-raw_tracks/session_d5-t1-c7-b-5c1-d-focal
2025-12-02T12:17:51,d5-t1-c7-t-5c1-d-focal,759.287886,1621.688170,413.977198,862.401272,412.752542,/Volumes/Jacks-SSD-1/24-social-cog-sweden/2-data/1-raw_tracks/session_d5-t1-c7-t-5c1-d-focal/preprocessing/background.png,/Volumes/Jacks-SSD-1/24-social-cog-sweden/2-data/1-raw_tracks/session_d5-t1-c7-t-5c1-d-focal
2025-12-02T12:17:55,d5-t1-c8-b-5h1-d-focal,721.697754,916.286149,533.993514,1637.608702,557.261984,/Volumes/Jacks-SSD-1/24-social-cog-sweden/2-data/1-raw_tracks/session_d5-t1-c8-b-5h1-d-focal/preprocessing/background.png,/Volumes/Jacks-SSD-1/24-social-cog-sweden/2-data/1-raw_tracks/session_d5-t1-c8-b-5h1-d-focal
2025-12-02T12:17:57,d5-t1-c8-b-5l3-i-focal,725.331570,1637.608702,557.261984,912.612180,535.218171,/Volumes/Jacks-SSD-1/24-social-cog-sweden/2-data/1-raw_tracks/session_d5-t1-c8-b-5l3-i-focal/preprocessing/background.png,/Volumes/Jacks-SSD-1/24-social-cog-sweden/2-data/1-raw_tracks/session_d5-t1-c8-b-5l3-i-focal
2025-12-02T12:17:59,d5-t1-c8-t-5h1-d-focal,722.812849,912.612180,533.993514,1635.159390,553.588015,/Volumes/Jacks-SSD-1/24-social-cog-sweden/2-data/1-raw_tracks/session_d5-t1-c8-t-5h1-d-focal/preprocessing/background.png,/Volumes/Jacks-SSD-1/24-social-cog-sweden/2-data/1-raw_tracks/session_d5-t1-c8-t-5h1-d-focal
2025-12-02T12:18:02,d5-t1-c8-t-5l3-i-focal,722.722584,1635.159390,553.588015,912.612180,537.667483,/Volumes/Jacks-SSD-1/24-social-cog-sweden/2-data/1-raw_tracks/session_d5-t1-c8-t-5l3-i-focal/preprocessing/background.png,/Volumes/Jacks-SSD-1/24-social-cog-sweden/2-data/1-raw_tracks/session_d5-t1-c8-t-5l3-i-focal
2025-12-02T12:18:05,d5-t1-c9-b-5c3-i-focal,750.739276,820.762959,502.152451,1571.477263,508.275732,/Volumes/Jacks-SSD-1/24-social-cog-sweden/2-data/1-raw_tracks/session_d5-t1-c9-b-5c3-i-focal/preprocessing/background.png,/Volumes/Jacks-SSD-1/24-social-cog-sweden/2-data/1-raw_tracks/session_d5-t1-c9-b-5c3-i-focal
2025-12-02T12:18:07,d5-t1-c9-t-5c3-i-focal,749.505656,1571.477263,508.275732,821.987615,503.377107,/Volumes/Jacks-SSD-1/24-social-cog-sweden/2-data/1-raw_tracks/session_d5-t1-c9-t-5c3-i-focal/preprocessing/background.png,/Volumes/Jacks-SSD-1/24-social-cog-sweden/2-data/1-raw_tracks/session_d5-t1-c9-t-5c3-i-focal
2025-12-02T12:18:14,d5-t2-c1-b-5h3-i-focal,639.439478,510.924918,379.686822,1150.195500,364.990947,/Volumes/Jacks-SSD-1/24-social-cog-sweden/2-data/1-raw_tracks/session_d5-t2-c1-b-5h3-i-focal/preprocessing/background.png,/Volumes/Jacks-SSD-1/24-social-cog-sweden/2-data/1-raw_tracks/session_d5-t2-c1-b-5h3-i-focal
2025-12-02T12:18:16,d5-t2-c1-t-5h3-i-focal,644.285609,1150.195500,364.990947,506.026293,377.237510,/Volumes/Jacks-SSD-1/24-social-cog-sweden/2-data/1-raw_tracks/session_d5-t2-c1-t-5h3-i-focal/preprocessing/background.png,/Volumes/Jacks-SSD-1/24-social-cog-sweden/2-data/1-raw_tracks/session_d5-t2-c1-t-5h3-i-focal
2025-12-02T12:18:24,d5-t2-c10-b-5l3-i-focal,781.331671,421.525009,387.034760,1202.855720,385.810104,/Volumes/Jacks-SSD-1/24-social-cog-sweden/2-data/1-raw_tracks/session_d5-t2-c10-b-5l3-i-focal/preprocessing/background.png,/Volumes/Jacks-SSD-1/24-social-cog-sweden/2-data/1-raw_tracks/session_d5-t2-c10-b-5l3-i-focal
2025-12-02T12:18:26,d5-t2-c10-t-5l3-i-focal,783.783851,1202.855720,385.810104,419.075696,388.259416,/Volumes/Jacks-SSD-1/24-social-cog-sweden/2-data/1-raw_tracks/session_d5-t2-c10-t-5l3-i-focal/preprocessing/background.png,/Volumes/Jacks-SSD-1/24-social-cog-sweden/2-data/1-raw_tracks/session_d5-t2-c10-t-5l3-i-focal
2025-12-02T12:18:38,d5-t2-c2-b-5h2-i-focal,739.863708,1009.360027,358.867665,269.667629,374.788197,/Volumes/Jacks-SSD-1/24-social-cog-sweden/2-data/1-raw_tracks/session_d5-t2-c2-b-5h2-i-focal/preprocessing/background.png,/Volumes/Jacks-SSD-1/24-social-cog-sweden/2-data/1-raw_tracks/session_d5-t2-c2-b-5h2-i-focal
2025-12-02T12:18:41,d5-t2-c2-b-5l3-d-focal,742.312455,269.667629,374.788197,1011.809339,358.867665,/Volumes/Jacks-SSD-1/24-social-cog-sweden/2-data/1-raw_tracks/session_d5-t2-c2-b-5l3-d-focal/preprocessing/background.png,/Volumes/Jacks-SSD-1/24-social-cog-sweden/2-data/1-raw_tracks/session_d5-t2-c2-b-5l3-d-focal
2025-12-02T12:18:43,d5-t2-c2-t-5h2-i-focal,734.895820,1011.809339,358.867665,277.015567,371.114228,/Volumes/Jacks-SSD-1/24-social-cog-sweden/2-data/1-raw_tracks/session_d5-t2-c2-t-5h2-i-focal/preprocessing/background.png,/Volumes/Jacks-SSD-1/24-social-cog-sweden/2-data/1-raw_tracks/session_d5-t2-c2-t-5h2-i-focal
2025-12-02T12:18:46,d5-t2-c2-t-5l3-d-focal,737.389541,277.015567,371.114228,1014.258652,356.418353,/Volumes/Jacks-SSD-1/24-social-cog-sweden/2-data/1-raw_tracks/session_d5-t2-c2-t-5l3-d-focal/preprocessing/background.png,/Volumes/Jacks-SSD-1/24-social-cog-sweden/2-data/1-raw_tracks/session_d5-t2-c2-t-5l3-d-focal
2025-12-02T12:18:50,d5-t2-c3-b-5l1-d-focal,750.718300,1009.360027,459.289481,258.645723,461.738794,/Volumes/Jacks-SSD-1/24-social-cog-sweden/2-data/1-raw_tracks/session_d5-t2-c3-b-5l1-d-focal/preprocessing/background.png,/Volumes/Jacks-SSD-1/24-social-cog-sweden/2-data/1-raw_tracks/session_d5-t2-c3-b-5l1-d-focal
2025-12-02T12:18:53,d5-t2-c3-t-5l1-d-focal,754.389267,258.645723,461.738794,1013.033996,460.514137,/Volumes/Jacks-SSD-1/24-social-cog-sweden/2-data/1-raw_tracks/session_d5-t2-c3-t-5l1-d-focal/preprocessing/background.png,/Volumes/Jacks-SSD-1/24-social-cog-sweden/2-data/1-raw_tracks/session_d5-t2-c3-t-5l1-d-focal
2025-12-02T12:18:56,d5-t2-c4-b-5c2-d-focal,752.019735,945.677900,422.549792,1697.616860,411.527886,/Volumes/Jacks-SSD-1/24-social-cog-sweden/2-data/1-raw_tracks/session_d5-t2-c4-b-5c2-d-focal/preprocessing/background.png,/Volumes/Jacks-SSD-1/24-social-cog-sweden/2-data/1-raw_tracks/session_d5-t2-c4-b-5c2-d-focal
2025-12-02T12:19:00,d5-t2-c4-b-5h2-i-focal,736.386141,896.691648,423.774449,160.673220,447.042918,/Volumes/Jacks-SSD-1/24-social-cog-sweden/2-data/1-raw_tracks/session_d5-t2-c4-b-5h2-i-focal/preprocessing/background.png,/Volumes/Jacks-SSD-1/24-social-cog-sweden/2-data/1-raw_tracks/session_d5-t2-c4-b-5h2-i-focal
2025-12-02T12:19:02,d5-t2-c4-t-5c2-d-focal,737.471910,161.897876,445.818262,899.140961,427.448417,/Volumes/Jacks-SSD-1/24-social-cog-sweden/2-data/1-raw_tracks/session_d5-t2-c4-t-5c2-d-focal/preprocessing/background.png,/Volumes/Jacks-SSD-1/24-social-cog-sweden/2-data/1-raw_tracks/session_d5-t2-c4-t-5c2-d-focal
2025-12-02T12:19:08,d5-t2-c4-t-5h2-i-focal,752.227118,949.351869,427.448417,1701.290829,406.629261,/Volumes/Jacks-SSD-1/24-social-cog-sweden/2-data/1-raw_tracks/session_d5-t2-c4-t-5h2-i-focal/preprocessing/background.png,/Volumes/Jacks-SSD-1/24-social-cog-sweden/2-data/1-raw_tracks/session_d5-t2-c4-t-5h2-i-focal
2025-12-02T12:19:12,d5-t2-c5-b-5c2-i-focal,778.959380,1028.954527,415.201855,250.073129,426.223761,/Volumes/Jacks-SSD-1/24-social-cog-sweden/2-data/1-raw_tracks/session_d5-t2-c5-b-5c2-i-focal/preprocessing/background.png,/Volumes/Jacks-SSD-1/24-social-cog-sweden/2-data/1-raw_tracks/session_d5-t2-c5-b-5c2-i-focal
2025-12-02T12:19:14,d5-t2-c5-b-5h3-d-focal,780.167574,250.073129,426.223761,1030.179184,416.426511,/Volumes/Jacks-SSD-1/24-social-cog-sweden/2-data/1-raw_tracks/session_d5-t2-c5-b-5h3-d-focal/preprocessing/background.png,/Volumes/Jacks-SSD-1/24-social-cog-sweden/2-data/1-raw_tracks/session_d5-t2-c5-b-5h3-d-focal
2025-12-02T12:19:16,d5-t2-c5-t-5c2-i-focal,781.346067,1030.179184,416.426511,248.848472,421.325136,/Volumes/Jacks-SSD-1/24-social-cog-sweden/2-data/1-raw_tracks/session_d5-t2-c5-t-5c2-i-focal/preprocessing/background.png,/Volumes/Jacks-SSD-1/24-social-cog-sweden/2-data/1-raw_tracks/session_d5-t2-c5-t-5c2-i-focal
2025-12-02T12:19:23,d5-t2-c5-t-5h3-d-focal,776.440778,1026.505215,418.875823,250.073129,422.549792,/Volumes/Jacks-SSD-1/24-social-cog-sweden/2-data/1-raw_tracks/session_d5-t2-c5-t-5h3-d-focal/preprocessing/background.png,/Volumes/Jacks-SSD-1/24-social-cog-sweden/2-data/1-raw_tracks/session_d5-t2-c5-t-5h3-d-focal
2025-12-02T12:19:27,d5-t2-c7-b-5h1-i-focal,770.324380,861.176616,312.330726,1631.485421,317.229352,/Volumes/Jacks-SSD-1/24-social-cog-sweden/2-data/1-raw_tracks/session_d5-t2-c7-b-5h1-i-focal/preprocessing/background.png,/Volumes/Jacks-SSD-1/24-social-cog-sweden/2-data/1-raw_tracks/session_d5-t2-c7-b-5h1-i-focal
2025-12-02T12:19:29,d5-t2-c7-t-5h1-i-focal,771.549012,1631.485421,317.229352,859.951960,312.330726,/Volumes/Jacks-SSD-1/24-social-cog-sweden/2-data/1-raw_tracks/session_d5-t2-c7-t-5h1-i-focal/preprocessing/background.png,/Volumes/Jacks-SSD-1/24-social-cog-sweden/2-data/1-raw_tracks/session_d5-t2-c7-t-5h1-i-focal
2025-12-02T12:19:35,d5-t2-c8-b-5c1-d-focal,726.237700,890.568367,438.470324,164.347189,433.571699,/Volumes/Jacks-SSD-1/24-social-cog-sweden/2-data/1-raw_tracks/session_d5-t2-c8-b-5c1-d-focal/preprocessing/background.png,/Volumes/Jacks-SSD-1/24-social-cog-sweden/2-data/1-raw_tracks/session_d5-t2-c8-b-5c1-d-focal
2025-12-02T12:19:38,d5-t2-c8-b-5l2-i-focal,730.019452,161.897876,428.673074,891.793023,442.144293,/Volumes/Jacks-SSD-1/24-social-cog-sweden/2-data/1-raw_tracks/session_d5-t2-c8-b-5l2-i-focal/preprocessing/background.png,/Volumes/Jacks-SSD-1/24-social-cog-sweden/2-data/1-raw_tracks/session_d5-t2-c8-b-5l2-i-focal
2025-12-02T12:19:41,d5-t2-c8-t-5c1-d-focal,721.738276,926.083399,439.694980,1647.405952,464.188106,/Volumes/Jacks-SSD-1/24-social-cog-sweden/2-data/1-raw_tracks/session_d5-t2-c8-t-5c1-d-focal/preprocessing/background.png,/Volumes/Jacks-SSD-1/24-social-cog-sweden/2-data/1-raw_tracks/session_d5-t2-c8-t-5c1-d-focal
2025-12-02T12:19:43,d5-t2-c8-t-5l2-i-focal,719.107911,1647.405952,464.188106,928.532712,445.818262,/Volumes/Jacks-SSD-1/24-social-cog-sweden/2-data/1-raw_tracks/session_d5-t2-c8-t-5l2-i-focal/preprocessing/background.png,/Volumes/Jacks-SSD-1/24-social-cog-sweden/2-data/1-raw_tracks/session_d5-t2-c8-t-5l2-i-focal
2025-12-02T12:19:46,d5-t2-c9-b-5c3-i-focal,756.980250,833.009521,409.078573,1589.847107,423.774449,/Volumes/Jacks-SSD-1/24-social-cog-sweden/2-data/1-raw_tracks/session_d5-t2-c9-b-5c3-i-focal/preprocessing/background.png,/Volumes/Jacks-SSD-1/24-social-cog-sweden/2-data/1-raw_tracks/session_d5-t2-c9-b-5c3-i-focal
2025-12-02T12:19:49,d5-t2-c9-t-5c3-i-focal,758.142365,1589.847107,423.774449,831.784865,412.752542,/Volumes/Jacks-SSD-1/24-social-cog-sweden/2-data/1-raw_tracks/session_d5-t2-c9-t-5c3-i-focal/preprocessing/background.png,/Volumes/Jacks-SSD-1/24-social-cog-sweden/2-data/1-raw_tracks/session_d5-t2-c9-t-5c3-i-focal
2025-12-02T12:19:52,d6-t1-c1-t-6h2-i-focal,635.714584,514.598887,380.911479,1150.195500,368.664916,/Volumes/Jacks-SSD-1/24-social-cog-sweden/2-data/1-raw_tracks/session_d6-t1-c1-t-6h2-i-focal/preprocessing/background.png,/Volumes/Jacks-SSD-1/24-social-cog-sweden/2-data/1-raw_tracks/session_d6-t1-c1-t-6h2-i-focal
2025-12-02T12:19:56,d6-t1-c2-b-6c3-d-focal,732.381321,1013.033996,369.889572,280.689536,377.237510,/Volumes/Jacks-SSD-1/24-social-cog-sweden/2-data/1-raw_tracks/session_d6-t1-c2-b-6c3-d-focal/preprocessing/background.png,/Volumes/Jacks-SSD-1/24-social-cog-sweden/2-data/1-raw_tracks/session_d6-t1-c2-b-6c3-d-focal
2025-12-02T12:19:58,d6-t1-c2-b-6l1-i-focal,733.671334,280.689536,377.237510,1014.258652,364.990947,/Volumes/Jacks-SSD-1/24-social-cog-sweden/2-data/1-raw_tracks/session_d6-t1-c2-b-6l1-i-focal/preprocessing/background.png,/Volumes/Jacks-SSD-1/24-social-cog-sweden/2-data/1-raw_tracks/session_d6-t1-c2-b-6l1-i-focal
2025-12-02T12:20:01,d6-t1-c2-t-6c3-d-focal,736.019447,1060.795591,366.215603,1796.814020,367.440259,/Volumes/Jacks-SSD-1/24-social-cog-sweden/2-data/1-raw_tracks/session_d6-t1-c2-t-6c3-d-focal/preprocessing/background.png,/Volumes/Jacks-SSD-1/24-social-cog-sweden/2-data/1-raw_tracks/session_d6-t1-c2-t-6c3-d-focal
2025-12-02T12:20:04,d6-t1-c2-t-6l1-i-focal,738.468757,1796.814020,367.440259,1058.346278,366.215603,/Volumes/Jacks-SSD-1/24-social-cog-sweden/2-data/1-raw_tracks/session_d6-t1-c2-t-6l1-i-focal/preprocessing/background.png,/Volumes/Jacks-SSD-1/24-social-cog-sweden/2-data/1-raw_tracks/session_d6-t1-c2-t-6l1-i-focal
2025-12-02T12:20:07,d6-t1-c3-b-6l2-i-focal,745.831766,1010.584683,459.289481,264.769004,464.188106,/Volumes/Jacks-SSD-1/24-social-cog-sweden/2-data/1-raw_tracks/session_d6-t1-c3-b-6l2-i-focal/preprocessing/background.png,/Volumes/Jacks-SSD-1/24-social-cog-sweden/2-data/1-raw_tracks/session_d6-t1-c3-b-6l2-i-focal
2025-12-02T12:20:10,d6-t1-c3-t-6l2-i-focal,748.290045,261.095035,473.985356,1009.360027,467.862075,/Volumes/Jacks-SSD-1/24-social-cog-sweden/2-data/1-raw_tracks/session_d6-t1-c3-t-6l2-i-focal/preprocessing/background.png,/Volumes/Jacks-SSD-1/24-social-cog-sweden/2-data/1-raw_tracks/session_d6-t1-c3-t-6l2-i-focal
2025-12-02T12:20:15,d6-t1-c4-b-6c2-d-focal,749.778747,953.025838,427.448417,1702.515485,406.629261,/Volumes/Jacks-SSD-1/24-social-cog-sweden/2-data/1-raw_tracks/session_d6-t1-c4-b-6c2-d-focal/preprocessing/background.png,/Volumes/Jacks-SSD-1/24-social-cog-sweden/2-data/1-raw_tracks/session_d6-t1-c4-b-6c2-d-focal
2025-12-02T12:20:18,d6-t1-c4-b-6h1-d-focal,746.041874,1692.718235,406.629261,946.902556,424.999105,/Volumes/Jacks-SSD-1/24-social-cog-sweden/2-data/1-raw_tracks/session_d6-t1-c4-b-6h1-d-focal/preprocessing/background.png,/Volumes/Jacks-SSD-1/24-social-cog-sweden/2-data/1-raw_tracks/session_d6-t1-c4-b-6h1-d-focal
2025-12-02T12:20:20,d6-t1-c4-t-6c2-d-focal,750.795211,949.351869,423.774449,1700.066173,412.752542,/Volumes/Jacks-SSD-1/24-social-cog-sweden/2-data/1-raw_tracks/session_d6-t1-c4-t-6c2-d-focal/preprocessing/background.png,/Volumes/Jacks-SSD-1/24-social-cog-sweden/2-data/1-raw_tracks/session_d6-t1-c4-t-6c2-d-focal
2025-12-02T12:20:23,d6-t1-c4-t-6h1-d-focal,748.461392,1700.066173,412.752542,951.801181,429.897730,/Volumes/Jacks-SSD-1/24-social-cog-sweden/2-data/1-raw_tracks/session_d6-t1-c4-t-6h1-d-focal/preprocessing/background.png,/Volumes/Jacks-SSD-1/24-social-cog-sweden/2-data/1-raw_tracks/session_d6-t1-c4-t-6h1-d-focal
2025-12-02T12:20:26,d6-t1-c5-b-6c1-i-focal,776.479410,1022.831246,416.426511,246.399160,424.999105,/Volumes/Jacks-SSD-1/24-social-cog-sweden/2-data/1-raw_tracks/session_d6-t1-c5-b-6c1-i-focal/preprocessing/background.png,/Volumes/Jacks-SSD-1/24-social-cog-sweden/2-data/1-raw_tracks/session_d6-t1-c5-b-6c1-i-focal
2025-12-02T12:20:28,d6-t1-c5-b-6h2-i-focal,775.222907,246.399160,424.999105,1021.606590,420.100480,/Volumes/Jacks-SSD-1/24-social-cog-sweden/2-data/1-raw_tracks/session_d6-t1-c5-b-6h2-i-focal/preprocessing/background.png,/Volumes/Jacks-SSD-1/24-social-cog-sweden/2-data/1-raw_tracks/session_d6-t1-c5-b-6h2-i-focal
2025-12-02T12:20:30,d6-t1-c5-t-6c1-i-focal,770.343850,1021.606590,420.100480,251.297785,427.448417,/Volumes/Jacks-SSD-1/24-social-cog-sweden/2-data/1-raw_tracks/session_d6-t1-c5-t-6c1-i-focal/preprocessing/background.png,/Volumes/Jacks-SSD-1/24-social-cog-sweden/2-data/1-raw_tracks/session_d6-t1-c5-t-6c1-i-focal
2025-12-02T12:20:34,d6-t1-c5-t-6h2-i-focal,773.998275,250.073129,429.897730,1024.055902,424.999105,/Volumes/Jacks-SSD-1/24-social-cog-sweden/2-data/1-raw_tracks/session_d6-t1-c5-t-6h2-i-focal/preprocessing/background.png,/Volumes/Jacks-SSD-1/24-social-cog-sweden/2-data/1-raw_tracks/session_d6-t1-c5-t-6h2-i-focal
2025-12-02T12:20:37,d6-t1-c6-b-6c1-d-focal,760.704793,862.401272,323.352633,1622.912827,340.497821,/Volumes/Jacks-SSD-1/24-social-cog-sweden/2-data/1-raw_tracks/session_d6-t1-c6-b-6c1-d-focal/preprocessing/background.png,/Volumes/Jacks-SSD-1/24-social-cog-sweden/2-data/1-raw_tracks/session_d6-t1-c6-b-6c1-d-focal
2025-12-02T12:20:40,d6-t1-c6-t-6c1-d-focal,756.841549,1622.912827,340.497821,866.075241,338.048509,/Volumes/Jacks-SSD-1/24-social-cog-sweden/2-data/1-raw_tracks/session_d6-t1-c6-t-6c1-d-focal/preprocessing/background.png,/Volumes/Jacks-SSD-1/24-social-cog-sweden/2-data/1-raw_tracks/session_d6-t1-c6-t-6c1-d-focal
2025-12-02T12:20:44,d6-t1-c7-b-6h1-i-focal,716.629055,881.995773,444.593606,165.571845,427.448417,/Volumes/Jacks-SSD-1/24-social-cog-sweden/2-data/1-raw_tracks/session_d6-t1-c7-b-6h1-i-focal/preprocessing/background.png,/Volumes/Jacks-SSD-1/24-social-cog-sweden/2-data/1-raw_tracks/session_d6-t1-c7-b-6h1-i-focal
2025-12-02T12:20:47,d6-t1-c7-b-6l3-d-focal,719.077669,161.897876,427.448417,880.771117,444.593606,/Volumes/Jacks-SSD-1/24-social-cog-sweden/2-data/1-raw_tracks/session_d6-t1-c7-b-6l3-d-focal/preprocessing/background.png,/Volumes/Jacks-SSD-1/24-social-cog-sweden/2-data/1-raw_tracks/session_d6-t1-c7-b-6l3-d-focal
2025-12-02T12:20:49,d6-t1-c7-t-6h1-i-focal,721.448335,880.771117,444.593606,159.448563,431.122386,/Volumes/Jacks-SSD-1/24-social-cog-sweden/2-data/1-raw_tracks/session_d6-t1-c7-t-6h1-i-focal/preprocessing/background.png,/Volumes/Jacks-SSD-1/24-social-cog-sweden/2-data/1-raw_tracks/session_d6-t1-c7-t-6h1-i-focal
2025-12-02T12:20:52,d6-t1-c7-t-6l3-d-focal,720.223892,884.445085,442.144293,164.347189,428.673074,/Volumes/Jacks-SSD-1/24-social-cog-sweden/2-data/1-raw_tracks/session_d6-t1-c7-t-6l3-d-focal/preprocessing/background.png,/Volumes/Jacks-SSD-1/24-social-cog-sweden/2-data/1-raw_tracks/session_d6-t1-c7-t-6l3-d-focal
2025-12-02T12:20:57,d6-t1-c8-b-6c2-i-focal,704.177365,62.700717,413.977198,766.878082,413.977198,/Volumes/Jacks-SSD-1/24-social-cog-sweden/2-data/1-raw_tracks/session_d6-t1-c8-b-6c2-i-focal/preprocessing/background.png,/Volumes/Jacks-SSD-1/24-social-cog-sweden/2-data/1-raw_tracks/session_d6-t1-c8-b-6c2-i-focal
2025-12-02T12:21:00,d6-t1-c8-t-6c2-i-focal,698.055158,766.878082,413.977198,68.823998,415.201855,/Volumes/Jacks-SSD-1/24-social-cog-sweden/2-data/1-raw_tracks/session_d6-t1-c8-t-6c2-i-focal/preprocessing/background.png,/Volumes/Jacks-SSD-1/24-social-cog-sweden/2-data/1-raw_tracks/session_d6-t1-c8-t-6c2-i-focal
2025-12-02T12:21:04,d6-t1-c9-b-6l1-d-focal,777.665421,426.423634,380.911479,1204.080376,384.585447,/Volumes/Jacks-SSD-1/24-social-cog-sweden/2-data/1-raw_tracks/session_d6-t1-c9-b-6l1-d-focal/preprocessing/background.png,/Volumes/Jacks-SSD-1/24-social-cog-sweden/2-data/1-raw_tracks/session_d6-t1-c9-b-6l1-d-focal
2025-12-02T12:21:06,d6-t1-c9-t-6l1-d-focal,777.657707,1204.080376,384.585447,426.423634,385.810104,/Volumes/Jacks-SSD-1/24-social-cog-sweden/2-data/1-raw_tracks/session_d6-t1-c9-t-6l1-d-focal/preprocessing/background.png,/Volumes/Jacks-SSD-1/24-social-cog-sweden/2-data/1-raw_tracks/session_d6-t1-c9-t-6l1-d-focal
